r,g,b,r_new,g_new,b_new
0,0,0,0,0,0
0,0,16,0,0,22
0,0,32,0,35,44
0,0,48,0,35,66
0,0,64,0,35,87
0,0,80,0,68,107
0,0,96,0,68,127
0,0,112,0,68,146
0,0,128,0,96,165
0,0,144,0,96,183
0,0,160,0,96,199
0,0,176,0,96,214
0,0,192,0,120,229
0,0,208,0,120,241
0,0,224,0,120,246
0,0,240,113,156,251
0,16,0,0,14,0
0,16,16,0,14,15
0,16,32,0,38,44
0,16,48,0,38,66
0,16,64,0,40,78
0,16,80,0,61,97
0,16,96,0,62,125
0,16,112,0,72,141
0,16,128,0,83,148
0,16,144,0,81,177
0,16,160,0,100,197
0,16,176,0,101,206
0,16,192,0,110,223
0,16,208,0,127,241
0,16,224,0,128,246
0,16,240,113,140,245
0,32,0,49,28,0
0,32,16,49,41,22
0,32,32,46,29,30
0,32,48,46,29,45
0,32,64,46,54,70
0,32,80,13,45,88
0,32,96,13,45,98
0,32,112,13,68,120
0,32,128,0,77,151
0,32,144,0,77,161
0,32,160,0,98,176
0,32,176,0,98,199
0,32,192,0,105,215
0,32,208,0,127,225
0,32,224,0,129,235
0,32,240,91,136,251
0,48,0,49,41,0
0,48,16,49,43,22
0,48,32,46,43,30
0,48,48,46,43,45
0,48,64,46,47,70
0,48,80,13,50,88
0,48,96,13,50,98
0,48,112,13,55,120
0,48,128,0,82,151
0,48,144,0,82,161
0,48,160,0,85,176
0,48,176,0,86,199
0,48,192,0,110,215
0,48,208,0,114,225
0,48,224,0,114,235
0,48,240,91,143,251
0,64,0,49,55,0
0,64,16,49,55,15
0,64,32,46,57,29
0,64,48,46,57,45
0,64,64,46,57,60
0,64,80,13,61,78
0,64,96,13,61,95
0,64,112,13,61,111
0,64,128,0,85,131
0,64,144,0,85,153
0,64,160,0,88,171
0,64,176,0,88,183
0,64,192,0,107,204
0,64,208,0,115,225
0,64,224,0,115,235
0,64,240,91,134,240
0,80,0,99,69,0
0,80,16,99,70,17
0,80,32,97,70,29
0,80,48,97,70,43
0,80,64,97,73,60
0,80,80,92,72,75
0,80,96,92,72,89
0,80,112,92,88,109
0,80,128,78,76,125
0,80,144,78,75,139
0,80,160,78,102,157
0,80,176,78,102,181
0,80,192,26,94,195
0,80,208,26,121,208
0,80,224,26,121,224
0,80,240,0,120,245
0,96,0,99,83,0
0,96,16,99,83,16
0,96,32,97,84,30
0,96,48,97,84,42
0,96,64,97,85,61
0,96,80,92,86,75
0,96,96,92,86,89
0,96,112,92,90,109
0,96,128,78,90,125
0,96,144,78,91,139
0,96,160,78,97,157
0,96,176,78,97,181
0,96,192,26,101,195
0,96,208,26,108,208
0,96,224,26,109,224
0,96,240,0,125,245
0,112,0,99,97,0
0,112,16,99,97,12
0,112,32,97,98,31
0,112,48,97,98,44
0,112,64,97,98,58
0,112,80,92,99,74
0,112,96,92,99,90
0,112,112,92,100,104
0,112,128,78,103,121
0,112,144,78,103,138
0,112,160,78,104,153
0,112,176,78,103,168
0,112,192,26,109,190
0,112,208,26,112,207
0,112,224,26,112,221
0,112,240,0,129,236
0,128,0,148,111,0
0,128,16,148,111,14
0,128,32,147,111,30
0,128,48,147,111,42
0,128,64,147,112,57
0,128,80,144,112,73
0,128,96,144,112,88
0,128,112,144,115,102
0,128,128,138,114,119
0,128,144,78,113,138
0,128,160,138,121,151
0,128,176,78,118,168
0,128,192,126,119,183
0,128,208,26,123,207
0,128,224,26,124,221
0,128,240,0,133,236
0,144,0,148,125,0
0,144,16,148,125,16
0,144,32,147,125,28
0,144,48,147,125,43
0,144,64,147,126,57
0,144,80,144,126,72
0,144,96,144,126,89
0,144,112,144,127,104
0,144,128,138,129,120
0,144,144,138,129,135
0,144,160,138,132,151
0,144,176,138,130,171
0,144,192,126,133,183
0,144,208,126,139,199
0,144,224,126,139,218
0,144,240,103,140,235
0,160,0,148,139,0
0,160,16,148,139,17
0,160,32,147,139,31
0,160,48,147,139,42
0,160,64,147,139,58
0,160,80,144,140,71
0,160,96,144,140,88
0,160,112,144,140,103
0,160,128,138,143,119
0,160,144,138,143,133
0,160,160,138,143,150
0,160,176,138,144,165
0,160,192,126,148,182
0,160,208,126,149,198
0,160,224,126,149,213
0,160,240,103,152,231
0,176,0,148,152,0
0,176,16,148,153,9
0,176,32,147,152,27
0,176,48,147,152,41
0,176,64,147,153,59
0,176,80,144,153,74
0,176,96,144,153,88
0,176,112,144,154,105
0,176,128,144,154,117
0,176,144,138,155,132
0,176,160,138,157,147
0,176,176,138,157,165
0,176,192,126,158,182
0,176,208,126,160,198
0,176,224,126,160,213
0,176,240,103,161,231
0,192,0,197,166,0
0,192,16,197,166,11
0,192,32,197,167,28
0,192,48,197,167,43
0,192,64,197,167,57
0,192,80,195,167,70
0,192,96,195,167,85
0,192,112,195,168,101
0,192,128,191,168,119
0,192,144,191,168,133
0,192,160,191,170,148
0,192,176,191,170,167
0,192,192,184,171,180
0,192,208,184,172,195
0,192,224,184,171,213
0,192,240,173,177,228
0,208,0,197,179,0
0,208,16,197,180,11
0,208,32,197,180,30
0,208,48,197,180,39
0,208,64,197,180,55
0,208,80,195,181,68
0,208,96,195,181,88
0,208,112,195,182,103
0,208,128,191,182,118
0,208,144,191,182,133
0,208,160,191,183,149
0,208,176,191,183,160
0,208,192,184,185,180
0,208,208,184,186,195
0,208,224,184,183,209
0,208,240,173,191,226
0,224,0,197,193,0
0,224,16,197,194,12
0,224,32,197,194,24
0,224,48,197,194,41
0,224,64,197,194,59
0,224,80,195,195,74
0,224,96,195,195,88
0,224,112,195,196,100
0,224,128,191,195,117
0,224,144,191,195,133
0,224,160,191,197,149
0,224,176,191,197,161
0,224,192,184,198,180
0,224,208,184,200,195
0,224,224,184,200,209
0,224,240,173,198,226
0,240,0,246,207,0
0,240,16,246,207,13
0,240,32,246,208,23
0,240,48,246,208,43
0,240,64,246,208,53
0,240,80,245,208,72
0,240,96,245,208,87
0,240,112,245,209,101
0,240,128,242,210,120
0,240,144,242,210,131
0,240,160,242,211,148
0,240,176,242,211,161
0,240,192,237,211,179
0,240,208,237,214,192
0,240,224,237,214,208
0,240,240,230,214,224
16,0,0,9,0,0
16,0,16,0,0,23
16,0,32,9,35,47
16,0,48,9,35,66
16,0,64,0,35,88
16,0,80,0,68,108
16,0,96,0,68,128
16,0,112,0,68,147
16,0,128,0,96,167
16,0,144,0,96,183
16,0,160,0,96,200
16,0,176,0,96,215
16,0,192,0,120,230
16,0,208,34,120,241
16,0,224,36,120,246
16,0,240,73,156,251
16,16,0,17,16,0
16,16,16,16,16,16
16,16,32,17,40,44
16,16,48,17,40,66
16,16,64,8,41,79
16,16,80,16,63,99
16,16,96,16,63,125
16,16,112,0,73,142
16,16,128,8,83,150
16,16,144,8,83,178
16,16,160,0,101,197
16,16,176,0,101,207
16,16,192,0,109,224
16,16,208,30,129,241
16,16,224,30,129,246
16,16,240,78,142,246
16,32,0,43,38,0
16,32,16,34,41,23
16,32,32,41,39,33
16,32,48,41,39,46
16,32,64,32,55,71
16,32,80,9,45,89
16,32,96,9,45,98
16,32,112,9,69,120
16,32,128,0,78,153
16,32,144,0,78,161
16,32,160,0,96,176
16,32,176,0,98,200
16,32,192,0,106,216
16,32,208,36,130,225
16,32,224,36,129,235
16,32,240,62,136,251
16,48,0,43,43,0
16,48,16,34,44,23
16,48,32,41,45,33
16,48,48,41,45,46
16,48,64,32,47,71
16,48,80,9,50,89
16,48,96,9,50,98
16,48,112,9,54,120
16,48,128,0,82,153
16,48,144,0,82,161
16,48,160,0,86,176
16,48,176,0,86,200
16,48,192,0,110,216
16,48,208,36,116,225
16,48,224,36,113,235
16,48,240,62,143,251
16,64,0,64,56,0
16,64,16,65,56,15
16,64,32,63,57,30
16,64,48,63,57,45
16,64,64,61,58,60
16,64,80,40,61,78
16,64,96,40,62,96
16,64,112,34,64,111
16,64,128,29,85,132
16,64,144,29,85,154
16,64,160,10,88,171
16,64,176,10,88,184
16,64,192,25,108,205
16,64,208,12,116,225
16,64,224,12,116,235
16,64,240,72,134,240
16,80,0,84,72,0
16,80,16,84,72,16
16,80,32,84,72,30
16,80,48,84,72,42
16,80,64,74,74,61
16,80,80,79,74,76
16,80,96,79,75,90
16,80,112,63,88,110
16,80,128,61,77,127
16,80,144,61,79,140
16,80,160,54,103,158
16,80,176,54,102,182
16,80,192,18,95,196
16,80,208,48,121,208
16,80,224,48,123,224
16,80,240,0,120,245
16,96,0,84,84,0
16,96,16,84,84,16
16,96,32,84,84,31
16,96,48,84,84,43
16,96,64,74,85,61
16,96,80,79,86,76
16,96,96,79,86,90
16,96,112,63,90,110
16,96,128,61,91,127
16,96,144,61,90,140
16,96,160,54,97,158
16,96,176,54,97,182
16,96,192,18,100,196
16,96,208,48,107,208
16,96,224,48,107,224
16,96,240,0,124,245
16,112,0,114,97,0
16,112,16,115,97,14
16,112,32,113,98,30
16,112,48,113,98,44
16,112,64,112,98,57
16,112,80,110,99,75
16,112,96,110,99,89
16,112,112,107,100,105
16,112,128,99,101,121
16,112,144,99,103,138
16,112,160,93,105,154
16,112,176,93,105,169
16,112,192,62,109,190
16,112,208,51,113,208
16,112,224,51,110,222
16,112,240,40,129,237
16,128,0,132,112,0
16,128,16,133,112,15
16,128,32,133,112,26
16,128,48,133,112,44
16,128,64,130,113,59
16,128,80,130,113,74
16,128,96,130,113,89
16,128,112,124,116,106
16,128,128,124,115,120
16,128,144,124,115,135
16,128,160,105,120,152
16,128,176,105,120,171
16,128,192,62,120,190
16,128,208,98,135,199
16,128,224,98,136,218
16,128,240,81,127,235
16,144,0,135,126,0
16,144,16,133,126,15
16,144,32,133,126,28
16,144,48,133,126,44
16,144,64,130,126,58
16,144,80,130,126,73
16,144,96,130,126,88
16,144,112,124,127,105
16,144,128,124,127,120
16,144,144,124,129,135
16,144,160,105,130,152
16,144,176,105,132,171
16,144,192,112,132,183
16,144,208,98,139,199
16,144,224,98,138,218
16,144,240,81,138,235
16,160,0,163,139,0
16,160,16,164,139,14
16,160,32,163,139,30
16,160,48,163,139,42
16,160,64,162,139,58
16,160,80,161,140,71
16,160,96,161,140,87
16,160,112,159,140,104
16,160,128,156,143,118
16,160,144,156,143,135
16,160,160,153,143,150
16,160,176,153,145,165
16,160,192,147,146,182
16,160,208,141,147,198
16,160,224,141,148,213
16,160,240,129,153,231
16,176,0,165,153,0
16,176,16,164,153,14
16,176,32,163,153,32
16,176,48,163,153,45
16,176,64,162,153,57
16,176,80,161,154,73
16,176,96,161,154,87
16,176,112,159,155,103
16,176,128,156,155,118
16,176,144,156,155,135
16,176,160,153,158,149
16,176,176,153,158,165
16,176,192,147,159,182
16,176,208,141,164,198
16,176,224,141,164,213
16,176,240,129,164,231
16,192,0,180,166,0
16,192,16,182,166,14
16,192,32,182,167,23
16,192,48,182,167,40
16,192,64,181,167,54
16,192,80,181,168,75
16,192,96,181,168,89
16,192,112,178,169,103
16,192,128,177,169,120
16,192,144,177,169,132
16,192,160,171,170,146
16,192,176,171,170,162
16,192,192,170,172,180
16,192,208,159,174,196
16,192,224,159,173,214
16,192,240,159,175,228
16,208,0,217,180,0
16,208,16,213,180,13
16,208,32,213,180,24
16,208,48,213,180,41
16,208,64,212,181,58
16,208,80,211,181,72
16,208,96,211,181,85
16,208,112,210,182,100
16,208,128,210,182,115
16,208,144,208,182,133
16,208,160,206,183,148
16,208,176,206,183,163
16,208,192,203,185,181
16,208,208,199,186,195
16,208,224,199,184,210
16,208,240,193,187,226
16,224,0,208,194,0
16,224,16,213,194,13
16,224,32,213,194,25
16,224,48,212,195,44
16,224,64,212,195,54
16,224,80,211,195,70
16,224,96,211,195,84
16,224,112,210,196,103
16,224,128,208,196,118
16,224,144,208,196,133
16,224,160,206,197,149
16,224,176,206,197,165
16,224,192,203,198,176
16,224,208,199,200,196
16,224,224,199,200,210
16,224,240,193,199,226
16,240,0,235,207,0
16,240,16,231,208,14
16,240,32,231,208,25
16,240,48,231,208,35
16,240,64,230,208,55
16,240,80,230,208,75
16,240,96,230,208,89
16,240,112,228,209,103
16,240,128,228,209,116
16,240,144,228,210,132
16,240,160,224,211,148
16,240,176,224,211,165
16,240,192,223,212,176
16,240,208,217,214,194
16,240,224,217,214,210
16,240,240,216,215,224
32,0,0,19,27,8
32,0,16,19,27,27
32,0,32,0,36,45
32,0,48,0,36,68
32,0,64,0,36,88
32,0,80,0,70,109
32,0,96,0,70,131
32,0,112,0,70,150
32,0,128,0,98,166
32,0,144,0,98,185
32,0,160,0,98,202
32,0,176,0,98,216
32,0,192,0,121,230
32,0,208,42,121,243
32,0,224,44,121,247
32,0,240,74,157,251
32,16,0,37,32,8
32,16,16,36,33,21
32,16,32,18,39,45
32,16,48,18,39,68
32,16,64,5,41,80
32,16,80,17,62,100
32,16,96,17,62,128
32,16,112,0,74,144
32,16,128,5,83,150
32,16,144,5,83,179
32,16,160,0,102,200
32,16,176,0,102,208
32,16,192,0,109,224
32,16,208,32,129,243
32,16,224,36,129,247
32,16,240,72,143,245
32,32,0,35,31,0
32,32,16,35,44,22
32,32,32,33,32,32
32,32,48,33,32,48
32,32,64,33,57,72
32,32,80,16,48,90
32,32,96,16,48,102
32,32,112,16,70,123
32,32,128,0,78,153
32,32,144,0,78,164
32,32,160,0,97,180
32,32,176,0,97,202
32,32,192,0,106,217
32,32,208,42,128,227
32,32,224,42,128,237
32,32,240,60,138,251
32,48,0,35,47,0
32,48,16,35,49,22
32,48,32,33,48,32
32,48,48,33,48,48
32,48,64,33,52,72
32,48,80,16,54,90
32,48,96,16,54,102
32,48,112,16,57,123
32,48,128,0,83,153
32,48,144,0,83,164
32,48,160,0,87,180
32,48,176,0,85,202
32,48,192,0,111,217
32,48,208,42,114,227
32,48,224,42,116,237
32,48,240,60,146,251
32,64,0,71,60,0
32,64,16,71,60,14
32,64,32,70,60,32
32,64,48,70,60,48
32,64,64,67,61,62
32,64,80,52,64,80
32,64,96,52,64,99
32,64,112,45,65,114
32,64,128,34,86,133
32,64,144,34,86,157
32,64,160,10,89,175
32,64,176,10,88,185
32,64,192,29,108,207
32,64,208,0,115,227
32,64,224,0,115,236
32,64,240,70,135,240
32,80,0,82,71,0
32,80,16,79,72,15
32,80,32,81,71,29
32,80,48,81,71,44
32,80,64,68,74,61
32,80,80,76,73,76
32,80,96,76,73,91
32,80,112,59,89,111
32,80,128,55,78,126
32,80,144,55,76,141
32,80,160,50,103,159
32,80,176,50,103,182
32,80,192,20,94,196
32,80,208,54,122,209
32,80,224,54,121,225
32,80,240,23,121,245
32,96,0,81,85,0
32,96,16,82,86,15
32,96,32,81,85,29
32,96,48,81,85,45
32,96,64,68,86,60
32,96,80,76,87,76
32,96,96,76,87,91
32,96,112,59,92,111
32,96,128,55,92,126
32,96,144,55,91,141
32,96,160,50,98,159
32,96,176,50,99,182
32,96,192,20,101,196
32,96,208,54,107,209
32,96,224,54,107,225
32,96,240,23,127,245
32,112,0,118,99,0
32,112,16,117,99,14
32,112,32,118,99,29
32,112,48,118,99,46
32,112,64,116,99,59
32,112,80,114,101,75
32,112,96,114,101,91
32,112,112,110,102,106
32,112,128,104,105,122
32,112,144,104,105,139
32,112,160,97,106,155
32,112,176,97,105,169
32,112,192,71,110,190
32,112,208,58,111,208
32,112,224,58,112,222
32,112,240,70,131,237
32,128,0,129,111,0
32,128,16,129,112,14
32,128,32,130,111,29
32,128,48,130,111,44
32,128,64,128,113,59
32,128,80,128,112,72
32,128,96,128,112,89
32,128,112,121,115,104
32,128,128,122,115,120
32,128,144,104,114,139
32,128,160,98,120,152
32,128,176,98,121,171
32,128,192,109,120,184
32,128,208,80,134,200
32,128,224,80,135,218
32,128,240,70,135,237
32,144,0,128,126,0
32,144,16,131,126,14
32,144,32,130,126,29
32,144,48,130,126,41
32,144,64,128,126,60
32,144,80,128,127,74
32,144,96,128,127,88
32,144,112,121,128,105
32,144,128,122,130,121
32,144,144,122,130,135
32,144,160,98,132,152
32,144,176,98,132,171
32,144,192,109,134,184
32,144,208,80,139,200
32,144,224,80,139,218
32,144,240,76,141,236
32,160,0,166,140,0
32,160,16,169,140,13
32,160,32,167,140,29
32,160,48,167,140,43
32,160,64,166,140,60
32,160,80,165,141,72
32,160,96,165,141,87
32,160,112,163,141,103
32,160,128,160,143,119
32,160,144,160,143,133
32,160,160,156,144,150
32,160,176,156,142,165
32,160,192,151,149,182
32,160,208,144,147,199
32,160,224,144,149,213
32,160,240,134,150,233
32,176,0,168,153,0
32,176,16,168,153,13
32,176,32,167,153,29
32,176,48,167,153,45
32,176,64,166,154,58
32,176,80,165,154,73
32,176,96,165,154,87
32,176,112,163,155,102
32,176,128,160,156,120
32,176,144,160,156,135
32,176,160,156,158,151
32,176,176,156,158,165
32,176,192,151,160,182
32,176,208,144,161,199
32,176,224,144,162,213
32,176,240,134,163,233
32,192,0,180,167,0
32,192,16,180,167,14
32,192,32,179,167,28
32,192,48,178,168,45
32,192,64,178,168,60
32,192,80,178,167,72
32,192,96,178,167,88
32,192,112,174,168,102
32,192,128,174,169,118
32,192,144,174,169,134
32,192,160,167,171,150
32,192,176,167,171,164
32,192,192,167,172,180
32,192,208,154,175,195
32,192,224,154,176,213
32,192,240,156,178,228
32,208,0,220,180,0
32,208,16,214,180,13
32,208,32,216,181,28
32,208,48,216,181,37
32,208,64,216,181,55
32,208,80,215,181,69
32,208,96,215,181,89
32,208,112,213,182,104
32,208,128,212,183,117
32,208,144,212,183,135
32,208,160,209,184,148
32,208,176,209,184,161
32,208,192,206,186,176
32,208,208,202,187,195
32,208,224,202,187,209
32,208,240,197,189,226
32,224,0,218,194,0
32,224,16,212,194,13
32,224,32,216,194,28
32,224,48,216,194,39
32,224,64,216,195,57
32,224,80,215,195,74
32,224,96,215,195,88
32,224,112,213,196,100
32,224,128,213,196,115
32,224,144,212,196,131
32,224,160,209,198,149
32,224,176,209,198,163
32,224,192,206,199,179
32,224,208,202,201,197
32,224,224,202,201,209
32,224,240,197,200,226
32,240,0,229,208,0
32,240,16,223,208,13
32,240,32,228,208,26
32,240,48,228,208,37
32,240,64,228,208,58
32,240,80,227,209,69
32,240,96,227,209,85
32,240,112,225,209,99
32,240,128,225,210,118
32,240,144,225,210,133
32,240,160,221,211,148
32,240,176,221,211,164
32,240,192,220,212,180
32,240,208,214,214,190
32,240,224,214,214,211
32,240,240,213,215,225
48,0,0,28,27,8
48,0,16,28,27,27
48,0,32,0,36,45
48,0,48,0,36,68
48,0,64,0,36,88
48,0,80,0,70,109
48,0,96,0,70,131
48,0,112,0,70,150
48,0,128,0,98,166
48,0,144,0,98,185
48,0,160,0,98,202
48,0,176,0,98,216
48,0,192,0,121,230
48,0,208,4,121,243
48,0,224,9,121,247
48,0,240,106,157,251
48,16,0,31,32,8
48,16,16,31,33,21
48,16,32,3,39,45
48,16,48,3,39,68
48,16,64,1,41,80
48,16,80,3,62,100
48,16,96,3,62,128
48,16,112,0,74,144
48,16,128,1,83,150
48,16,144,1,83,179
48,16,160,0,102,200
48,16,176,0,102,208
48,16,192,0,109,224
48,16,208,5,129,243
48,16,224,5,129,247
48,16,240,106,143,245
48,32,0,52,31,0
48,32,16,52,44,22
48,32,32,49,32,32
48,32,48,49,32,48
48,32,64,49,57,72
48,32,80,24,48,90
48,32,96,24,48,102
48,32,112,24,70,123
48,32,128,0,78,153
48,32,144,0,78,164
48,32,160,0,97,180
48,32,176,0,97,202
48,32,192,0,106,217
48,32,208,7,128,227
48,32,224,4,128,237
48,32,240,88,138,251
48,48,0,52,47,0
48,48,16,52,49,22
48,48,32,49,48,32
48,48,48,49,48,48
48,48,64,49,52,72
48,48,80,24,54,90
48,48,96,24,54,102
48,48,112,24,57,123
48,48,128,0,83,153
48,48,144,0,83,164
48,48,160,0,86,180
48,48,176,0,86,202
48,48,192,0,111,217
48,48,208,7,115,227
48,48,224,7,115,237
48,48,240,90,146,251
48,64,0,58,60,0
48,64,16,57,60,14
48,64,32,55,60,32
48,64,48,55,60,48
48,64,64,54,61,62
48,64,80,29,64,80
48,64,96,29,64,99
48,64,112,28,65,114
48,64,128,5,86,133
48,64,144,5,86,157
48,64,160,2,88,175
48,64,176,2,88,185
48,64,192,5,107,207
48,64,208,0,115,227
48,64,224,0,116,236
48,64,240,92,138,240
48,80,0,98,71,0
48,80,16,98,72,15
48,80,32,97,71,29
48,80,48,97,71,44
48,80,64,95,74,61
48,80,80,91,73,76
48,80,96,91,73,91
48,80,112,88,89,111
48,80,128,76,77,126
48,80,144,76,77,141
48,80,160,75,103,159
48,80,176,75,103,182
48,80,192,30,94,196
48,80,208,35,122,209
48,80,224,35,122,225
48,80,240,35,121,245
48,96,0,98,85,0
48,96,16,98,86,15
48,96,32,96,85,29
48,96,48,97,85,44
48,96,64,95,86,61
48,96,80,91,87,76
48,96,96,91,87,91
48,96,112,88,92,111
48,96,128,76,92,126
48,96,144,76,92,141
48,96,160,75,99,159
48,96,176,75,99,182
48,96,192,30,101,196
48,96,208,35,108,209
48,96,224,35,109,225
48,96,240,35,127,245
48,112,0,103,99,0
48,112,16,105,99,14
48,112,32,102,99,29
48,112,48,103,99,44
48,112,64,103,99,60
48,112,80,97,101,74
48,112,96,97,101,91
48,112,112,97,102,106
48,112,128,84,105,122
48,112,144,84,105,139
48,112,160,83,105,155
48,112,176,83,106,169
48,112,192,38,109,190
48,112,208,36,112,208
48,112,224,36,112,222
48,112,240,42,132,237
48,128,0,146,111,0
48,128,16,147,112,14
48,128,32,147,111,29
48,128,48,146,111,43
48,128,64,146,113,60
48,128,80,143,112,73
48,128,96,143,112,88
48,128,112,142,115,104
48,128,128,137,115,120
48,128,144,137,116,135
48,128,160,133,121,152
48,128,176,133,120,171
48,128,192,38,120,190
48,128,208,120,134,200
48,128,224,120,134,218
48,128,240,100,126,236
48,144,0,145,126,0
48,144,16,145,126,14
48,144,32,145,126,29
48,144,48,146,126,43
48,144,64,146,126,59
48,144,80,143,127,74
48,144,96,143,127,87
48,144,112,142,128,105
48,144,128,137,130,120
48,144,144,137,130,135
48,144,160,133,130,152
48,144,176,133,132,171
48,144,192,124,135,184
48,144,208,120,139,200
48,144,224,120,139,218
48,144,240,100,141,236
48,160,0,152,140,0
48,160,16,154,140,13
48,160,32,151,140,29
48,160,48,152,140,43
48,160,64,152,140,56
48,160,80,149,141,74
48,160,96,149,141,89
48,160,112,149,141,103
48,160,128,143,143,120
48,160,144,143,143,136
48,160,160,143,144,150
48,160,176,143,144,165
48,160,192,131,147,182
48,160,208,130,148,199
48,160,224,130,147,213
48,160,240,110,152,233
48,176,0,152,153,0
48,176,16,151,153,13
48,176,32,154,153,29
48,176,48,152,153,43
48,176,64,152,154,58
48,176,80,149,154,74
48,176,96,149,154,88
48,176,112,149,155,102
48,176,128,143,156,119
48,176,144,143,156,135
48,176,160,143,158,149
48,176,176,143,158,165
48,176,192,131,157,182
48,176,208,130,164,199
48,176,224,130,161,213
48,176,240,110,163,233
48,192,0,193,167,0
48,192,16,194,167,14
48,192,32,194,167,28
48,192,48,195,167,41
48,192,64,195,168,59
48,192,80,193,167,72
48,192,96,193,167,88
48,192,112,193,168,102
48,192,128,193,168,118
48,192,144,189,169,134
48,192,160,188,171,149
48,192,176,188,171,166
48,192,192,182,172,180
48,192,208,180,176,195
48,192,224,180,174,213
48,192,240,171,176,228
48,208,0,199,180,0
48,208,16,200,180,13
48,208,32,200,181,28
48,208,48,201,181,41
48,208,64,201,181,60
48,208,80,199,181,74
48,208,96,199,181,87
48,208,112,199,182,103
48,208,128,199,182,116
48,208,144,195,183,133
48,208,160,195,184,148
48,208,176,195,184,164
48,208,192,188,186,178
48,208,208,188,187,195
48,208,224,188,187,209
48,208,240,178,191,226
48,224,0,202,194,0
48,224,16,205,194,13
48,224,32,199,194,28
48,224,48,201,194,41
48,224,64,201,195,52
48,224,80,199,195,70
48,224,96,199,195,85
48,224,112,199,196,104
48,224,128,195,196,119
48,224,144,195,196,133
48,224,160,195,198,150
48,224,176,195,198,162
48,224,192,188,199,177
48,224,208,188,201,192
48,224,224,188,201,209
48,224,240,178,202,226
48,240,0,246,208,0
48,240,16,242,208,13
48,240,32,246,209,26
48,240,48,244,208,39
48,240,64,244,208,51
48,240,80,242,209,72
48,240,96,242,209,89
48,240,112,242,209,103
48,240,128,242,209,115
48,240,144,240,210,130
48,240,160,240,211,145
48,240,176,240,211,164
48,240,192,235,212,178
48,240,208,234,214,193
48,240,224,234,214,212
48,240,240,228,215,225
64,0,0,38,27,8
64,0,16,35,27,28
64,0,32,15,36,52
64,0,48,15,36,69
64,0,64,0,36,90
64,0,80,13,70,110
64,0,96,13,70,131
64,0,112,0,70,151
64,0,128,0,98,170
64,0,144,0,98,186
64,0,160,0,98,203
64,0,176,0,98,219
64,0,192,0,121,233
64,0,208,29,121,243
64,0,224,33,121,247
64,0,240,88,157,253
64,16,0,41,39,8
64,16,16,40,40,24
64,16,32,19,45,49
64,16,48,19,45,68
64,16,64,13,47,84
64,16,80,19,69,104
64,16,96,18,69,129
64,16,112,0,76,147
64,16,128,13,89,158
64,16,144,13,89,182
64,16,160,0,104,201
64,16,176,0,104,213
64,16,192,0,111,227
64,16,208,28,131,243
64,16,224,30,131,247
64,16,240,88,144,249
64,32,0,56,51,0
64,32,16,54,52,23
64,32,32,54,52,38
64,32,48,54,52,49
64,32,64,39,58,74
64,32,80,31,55,91
64,32,96,31,55,102
64,32,112,19,72,125
64,32,128,0,79,156
64,32,144,0,79,165
64,32,160,0,99,181
64,32,176,0,99,205
64,32,192,0,108,220
64,32,208,31,130,227
64,32,224,31,130,237
64,32,240,72,139,253
64,48,0,56,50,0
64,48,16,54,50,23
64,48,32,54,51,38
64,48,48,54,51,49
64,48,64,39,52,74
64,48,80,31,55,91
64,48,96,31,55,102
64,48,112,19,58,125
64,48,128,0,83,156
64,48,144,0,83,165
64,48,160,0,86,181
64,48,176,0,86,205
64,48,192,0,111,220
64,48,208,33,115,227
64,48,224,31,115,237
64,48,240,70,147,253
64,64,0,69,62,0
64,64,16,69,63,16
64,64,32,67,63,32
64,64,48,67,63,48
64,64,64,65,64,64
64,64,80,46,66,82
64,64,96,46,66,99
64,64,112,41,68,116
64,64,128,27,89,137
64,64,144,27,89,158
64,64,160,13,91,176
64,64,176,13,91,189
64,64,192,23,110,209
64,64,208,21,119,227
64,64,224,21,119,237
64,64,240,84,138,243
64,80,0,94,80,0
64,80,16,93,81,18
64,80,32,93,80,34
64,80,48,93,80,45
64,80,64,87,82,65
64,80,80,88,82,80
64,80,96,88,82,92
64,80,112,70,91,113
64,80,128,72,85,134
64,80,144,72,85,144
64,80,160,60,106,161
64,80,176,60,106,187
64,80,192,24,97,199
64,80,208,52,124,209
64,80,224,52,126,225
64,80,240,28,124,249
64,96,0,94,88,0
64,96,16,93,88,18
64,96,32,93,88,34
64,96,48,93,88,45
64,96,64,87,89,65
64,96,80,88,90,80
64,96,96,88,90,92
64,96,112,70,93,113
64,96,128,72,94,134
64,96,144,72,94,144
64,96,160,60,99,161
64,96,176,60,99,187
64,96,192,24,101,199
64,96,208,52,110,209
64,96,224,52,110,225
64,96,240,28,127,249
64,112,0,114,100,0
64,112,16,115,100,15
64,112,32,114,100,29
64,112,48,113,100,44
64,112,64,113,101,60
64,112,80,110,102,75
64,112,96,110,102,91
64,112,112,107,103,107
64,112,128,98,105,124
64,112,144,98,106,140
64,112,160,94,108,156
64,112,176,94,106,172
64,112,192,61,110,191
64,112,208,52,113,209
64,112,224,52,113,224
64,112,240,61,132,239
64,128,0,139,117,0
64,128,16,138,117,16
64,128,32,140,117,29
64,128,48,139,117,43
64,128,64,138,118,60
64,128,80,137,118,76
64,128,96,137,118,88
64,128,112,131,120,106
64,128,128,131,120,123
64,128,144,131,121,137
64,128,160,117,125,153
64,128,176,94,122,172
64,128,192,117,125,186
64,128,208,52,127,209
64,128,224,115,142,219
64,128,240,91,130,239
64,144,0,139,128,0
64,144,16,139,128,16
64,144,32,139,128,29
64,144,48,139,128,43
64,144,64,138,128,60
64,144,80,137,129,77
64,144,96,137,129,89
64,144,112,131,130,106
64,144,128,131,132,123
64,144,144,131,132,137
64,144,160,117,134,153
64,144,176,117,134,175
64,144,192,117,135,186
64,144,208,115,142,200
64,144,224,115,142,219
64,144,240,91,140,239
64,160,0,161,140,0
64,160,16,161,140,14
64,160,32,161,140,29
64,160,48,161,140,43
64,160,64,162,141,58
64,160,80,160,141,74
64,160,96,160,141,89
64,160,112,159,142,103
64,160,128,155,144,120
64,160,144,155,144,135
64,160,160,152,145,151
64,160,176,152,143,166
64,160,192,145,148,183
64,160,208,140,150,199
64,160,224,140,150,215
64,160,240,126,152,233
64,176,0,164,155,0
64,176,16,163,155,14
64,176,32,160,155,29
64,176,48,164,155,43
64,176,64,162,156,58
64,176,80,160,156,71
64,176,96,160,156,90
64,176,112,159,157,105
64,176,128,155,158,119
64,176,144,155,158,136
64,176,160,152,160,152
64,176,176,152,160,166
64,176,192,145,161,183
64,176,208,140,164,199
64,176,224,140,164,215
64,176,240,126,164,233
64,192,0,189,168,0
64,192,16,187,168,15
64,192,32,186,169,28
64,192,48,189,169,41
64,192,64,186,169,58
64,192,80,186,169,73
64,192,96,186,169,89
64,192,112,183,170,104
64,192,128,183,170,119
64,192,144,182,171,134
64,192,160,177,172,150
64,192,176,177,172,165
64,192,192,175,174,181
64,192,208,166,174,196
64,192,224,166,177,216
64,192,240,164,177,229
64,208,0,209,181,0
64,208,16,209,181,13
64,208,32,210,182,28
64,208,48,210,182,41
64,208,64,211,182,56
64,208,80,210,182,73
64,208,96,210,182,87
64,208,112,209,182,103
64,208,128,209,182,117
64,208,144,206,184,132
64,208,160,204,184,150
64,208,176,204,184,164
64,208,192,201,186,180
64,208,208,197,187,195
64,208,224,197,189,210
64,208,240,191,189,227
64,224,0,214,195,0
64,224,16,213,195,13
64,224,32,212,196,28
64,224,48,212,196,41
64,224,64,211,196,56
64,224,80,210,196,75
64,224,96,210,196,90
64,224,112,209,197,102
64,224,128,206,198,119
64,224,144,206,198,132
64,224,160,204,199,149
64,224,176,204,199,164
64,224,192,201,200,180
64,224,208,197,202,194
64,224,224,197,202,210
64,224,240,191,204,227
64,240,0,235,209,0
64,240,16,236,209,14
64,240,32,239,209,26
64,240,48,234,209,39
64,240,64,235,210,55
64,240,80,235,210,66
64,240,96,234,210,86
64,240,112,233,211,100
64,240,128,232,211,119
64,240,144,232,211,134
64,240,160,229,212,147
64,240,176,229,212,166
64,240,192,227,214,177
64,240,208,223,215,191
64,240,224,223,215,208
64,240,240,220,217,225
80,0,0,47,54,15
80,0,16,34,54,33
80,0,32,41,55,48
80,0,48,41,55,69
80,0,64,28,55,90
80,0,80,0,71,112
80,0,96,0,71,134
80,0,112,0,71,153
80,0,128,0,101,171
80,0,144,0,101,191
80,0,160,0,101,207
80,0,176,0,101,220
80,0,192,0,124,236
80,0,208,52,124,249
80,0,224,52,124,251
80,0,240,67,161,251
80,16,0,58,53,15
80,16,16,57,53,26
80,16,32,52,53,45
80,16,48,52,53,69
80,16,64,39,55,81
80,16,80,22,65,103
80,16,96,22,65,131
80,16,112,0,75,147
80,16,128,11,87,155
80,16,144,11,87,185
80,16,160,0,104,205
80,16,176,0,104,212
80,16,192,0,111,230
80,16,208,43,132,249
80,16,224,43,132,251
80,16,240,72,146,246
80,32,0,55,51,11
80,32,16,42,55,30
80,32,32,53,52,39
80,32,48,53,52,55
80,32,64,40,68,79
80,32,80,28,57,98
80,32,96,29,57,113
80,32,112,28,80,133
80,32,128,0,82,160
80,32,144,0,82,173
80,32,160,0,101,189
80,32,176,0,101,208
80,32,192,0,109,225
80,32,208,47,131,236
80,32,224,50,131,242
80,32,240,65,142,251
80,48,0,55,64,11
80,48,16,42,64,30
80,48,32,53,65,39
80,48,48,53,65,55
80,48,64,40,67,79
80,48,80,28,68,98
80,48,96,28,68,113
80,48,112,28,72,133
80,48,128,0,88,160
80,48,144,0,88,173
80,48,160,0,91,189
80,48,176,0,91,208
80,48,192,0,115,225
80,48,208,52,118,236
80,48,224,50,118,242
80,48,240,63,152,251
80,64,0,86,72,11
80,64,16,85,72,22
80,64,32,83,73,36
80,64,48,83,73,55
80,64,64,80,74,68
80,64,80,72,75,87
80,64,96,72,75,110
80,64,112,63,77,124
80,64,128,41,90,139
80,64,144,41,90,165
80,64,160,14,93,183
80,64,176,14,93,191
80,64,192,35,111,214
80,64,208,17,119,236
80,64,224,15,119,242
80,64,240,76,141,240
80,80,0,87,78,0
80,80,16,86,78,16
80,80,32,86,78,31
80,80,48,86,78,47
80,80,64,73,81,64
80,80,80,82,80,80
80,80,96,82,80,96
80,80,112,59,94,115
80,80,128,61,83,131
80,80,144,61,83,147
80,80,160,51,108,165
80,80,176,51,108,187
80,80,192,28,99,203
80,80,208,70,126,216
80,80,224,70,126,229
80,80,240,46,128,246
80,96,0,87,93,0
80,96,16,86,93,16
80,96,32,86,94,31
80,96,48,86,94,47
80,96,64,73,95,64
80,96,80,82,96,80
80,96,96,82,96,96
80,96,112,59,100,115
80,96,128,61,99,131
80,96,144,61,99,147
80,96,160,51,106,165
80,96,176,51,106,187
80,96,192,28,106,203
80,96,208,70,115,216
80,96,224,70,114,229
80,96,240,46,137,246
80,112,0,127,106,0
80,112,16,127,106,14
80,112,32,126,107,31
80,112,48,126,107,47
80,112,64,125,107,61
80,112,80,123,108,78
80,112,96,123,108,95
80,112,112,120,109,110
80,112,128,114,111,126
80,112,144,114,111,145
80,112,160,105,112,161
80,112,176,105,112,174
80,112,192,89,115,197
80,112,208,74,117,216
80,112,224,74,117,228
80,112,240,101,141,237
80,128,0,133,115,0
80,128,16,130,115,15
80,128,32,132,115,29
80,128,48,132,115,44
80,128,64,127,116,60
80,128,80,130,116,75
80,128,96,130,116,91
80,128,112,121,119,107
80,128,128,123,118,122
80,128,144,123,118,138
80,128,160,96,124,155
80,128,176,96,124,173
80,128,192,89,124,197
80,128,208,74,128,216
80,128,224,92,138,221
80,128,240,76,128,240
80,144,0,131,131,0
80,144,16,132,131,15
80,144,32,133,131,29
80,144,48,131,131,44
80,144,64,130,131,60
80,144,80,130,131,75
80,144,96,130,131,92
80,144,112,121,132,106
80,144,128,123,134,122
80,144,144,123,134,138
80,144,160,96,137,155
80,144,176,96,137,173
80,144,192,110,137,187
80,144,208,92,144,203
80,144,224,92,143,221
80,144,240,76,144,240
80,160,0,173,144,0
80,160,16,173,144,14
80,160,32,174,144,29
80,160,48,173,144,44
80,160,64,172,144,59
80,160,80,172,145,74
80,160,96,172,145,93
80,160,112,169,145,106
80,160,128,167,148,121
80,160,144,167,148,137
80,160,160,162,148,153
80,160,176,162,149,167
80,160,192,158,152,186
80,160,208,151,152,202
80,160,224,151,152,216
80,160,240,142,157,235
80,176,0,174,156,0
80,176,16,174,157,14
80,176,32,174,156,29
80,176,48,174,156,44
80,176,64,173,157,59
80,176,80,172,157,74
80,176,96,172,157,92
80,176,112,169,158,107
80,176,128,169,158,119
80,176,144,167,159,139
80,176,160,162,161,153
80,176,176,162,161,167
80,176,192,158,161,186
80,176,208,151,165,202
80,176,224,151,166,216
80,176,240,142,167,235
80,192,0,179,170,0
80,192,16,180,170,14
80,192,32,179,170,28
80,192,48,177,170,42
80,192,64,179,170,57
80,192,80,178,171,73
80,192,96,178,171,86
80,192,112,174,172,106
80,192,128,174,172,120
80,192,144,174,172,134
80,192,160,166,174,151
80,192,176,166,174,167
80,192,192,168,175,181
80,192,208,153,178,197
80,192,224,153,178,215
80,192,240,156,179,230
80,208,0,220,184,0
80,208,16,223,184,13
80,208,32,221,184,28
80,208,48,221,184,42
80,208,64,222,184,57
80,208,80,220,185,71
80,208,96,220,185,88
80,208,112,219,185,105
80,208,128,217,187,118
80,208,144,217,187,133
80,208,160,214,187,149
80,208,176,214,187,164
80,208,192,212,190,178
80,208,208,207,190,197
80,208,224,207,189,211
80,208,240,204,194,229
80,224,0,223,197,0
80,224,16,223,197,13
80,224,32,223,197,28
80,224,48,222,197,42
80,224,64,221,197,57
80,224,80,220,197,71
80,224,96,220,197,90
80,224,112,219,198,103
80,224,128,217,199,119
80,224,144,217,199,133
80,224,160,214,200,148
80,224,176,214,200,165
80,224,192,212,201,181
80,224,208,207,203,198
80,224,224,207,203,211
80,224,240,204,206,229
80,240,0,226,210,0
80,240,16,231,210,14
80,240,32,230,210,26
80,240,48,229,210,40
80,240,64,228,210,55
80,240,80,226,211,72
80,240,96,226,211,91
80,240,112,224,212,105
80,240,128,224,212,117
80,240,144,224,212,133
80,240,160,220,213,147
80,240,176,220,213,164
80,240,192,220,214,179
80,240,208,212,216,196
80,240,224,212,216,210
80,240,240,213,217,226
96,0,0,56,54,15
96,0,16,53,54,32
96,0,32,48,55,48
96,0,48,48,55,69
96,0,64,44,55,90
96,0,80,0,71,113
96,0,96,0,71,134
96,0,112,0,71,153
96,0,128,0,101,171
96,0,144,0,101,191
96,0,160,0,101,207
96,0,176,0,101,220
96,0,192,0,124,236
96,0,208,16,124,249
96,0,224,14,124,251
96,0,240,110,161,251
96,16,0,59,53,15
96,16,16,59,53,26
96,16,32,51,53,45
96,16,48,51,53,68
96,16,64,47,55,81
96,16,80,6,65,105
96,16,96,6,65,131
96,16,112,0,75,147
96,16,128,3,87,155
96,16,144,3,87,185
96,16,160,0,104,205
96,16,176,0,104,212
96,16,192,0,111,230
96,16,208,11,132,249
96,16,224,13,132,251
96,16,240,105,146,246
96,32,0,69,51,11
96,32,16,65,55,30
96,32,32,65,52,39
96,32,48,65,52,55
96,32,64,62,68,80
96,32,80,44,57,98
96,32,96,44,57,113
96,32,112,44,80,133
96,32,128,0,82,160
96,32,144,0,82,173
96,32,160,0,101,189
96,32,176,0,101,208
96,32,192,0,109,225
96,32,208,14,131,236
96,32,224,16,131,242
96,32,240,95,142,251
96,48,0,69,64,11
96,48,16,65,64,30
96,48,32,65,65,39
96,48,48,65,65,55
96,48,64,62,67,79
96,48,80,44,68,98
96,48,96,44,68,113
96,48,112,45,72,133
96,48,128,0,88,160
96,48,144,0,88,173
96,48,160,0,91,189
96,48,176,0,91,208
96,48,192,0,115,225
96,48,208,14,118,236
96,48,224,11,118,242
96,48,240,97,152,251
96,64,0,77,72,11
96,64,16,77,72,22
96,64,32,74,73,36
96,64,48,74,73,55
96,64,64,73,74,68
96,64,80,56,75,87
96,64,96,56,75,110
96,64,112,54,77,124
96,64,128,11,90,139
96,64,144,11,90,165
96,64,160,4,93,183
96,64,176,4,93,191
96,64,192,9,111,214
96,64,208,4,119,236
96,64,224,5,119,242
96,64,240,101,141,240
96,80,0,104,78,0
96,80,16,104,78,16
96,80,32,103,78,31
96,80,48,103,78,47
96,80,64,99,81,64
96,80,80,98,80,80
96,80,96,98,80,96
96,80,112,92,94,115
96,80,128,81,83,131
96,80,144,81,83,147
96,80,160,79,108,165
96,80,176,79,108,187
96,80,192,43,99,203
96,80,208,55,126,216
96,80,224,56,126,229
96,80,240,73,128,246
96,96,0,104,93,0
96,96,16,104,93,16
96,96,32,103,94,31
96,96,48,103,94,47
96,96,64,99,95,64
96,96,80,98,96,80
96,96,96,98,96,96
96,96,112,92,100,115
96,96,128,81,99,131
96,96,144,81,99,147
96,96,160,79,106,165
96,96,176,79,106,187
96,96,192,44,107,203
96,96,208,55,114,216
96,96,224,55,114,229
96,96,240,71,138,246
96,112,0,115,106,0
96,112,16,115,106,14
96,112,32,114,107,31
96,112,48,114,107,47
96,112,64,113,107,61
96,112,80,109,108,78
96,112,96,109,108,95
96,112,112,108,109,110
96,112,128,96,111,126
96,112,144,96,111,145
96,112,160,93,112,161
96,112,176,93,112,174
96,112,192,61,115,197
96,112,208,56,117,216
96,112,224,56,117,228
96,112,240,86,141,237
96,128,0,150,115,0
96,128,16,149,115,15
96,128,32,149,115,29
96,128,48,149,115,44
96,128,64,148,116,60
96,128,80,146,116,75
96,128,96,146,116,91
96,128,112,144,119,107
96,128,128,139,118,122
96,128,144,139,118,138
96,128,160,132,124,155
96,128,176,132,123,173
96,128,192,127,122,187
96,128,208,122,138,203
96,128,224,122,138,221
96,128,240,86,141,237
96,144,0,149,131,0
96,144,16,150,131,15
96,144,32,148,131,29
96,144,48,149,131,44
96,144,64,148,131,60
96,144,80,145,131,75
96,144,96,146,131,91
96,144,112,144,132,107
96,144,128,139,134,122
96,144,144,139,134,138
96,144,160,132,136,155
96,144,176,132,137,173
96,144,192,127,139,187
96,144,208,122,143,203
96,144,224,122,143,221
96,144,240,101,143,240
96,160,0,159,144,0
96,160,16,161,144,14
96,160,32,159,144,29
96,160,48,159,144,44
96,160,64,161,144,59
96,160,80,157,145,74
96,160,96,157,145,91
96,160,112,157,145,107
96,160,128,157,145,119
96,160,144,151,148,137
96,160,160,150,148,153
96,160,176,150,149,167
96,160,192,140,152,186
96,160,208,138,152,202
96,160,224,138,153,216
96,160,240,119,156,235
96,176,0,159,156,0
96,176,16,159,157,14
96,176,32,159,156,29
96,176,48,160,156,44
96,176,64,159,157,59
96,176,80,157,157,74
96,176,96,157,157,91
96,176,112,157,158,108
96,176,128,151,159,121
96,176,144,151,159,137
96,176,160,150,161,153
96,176,176,150,161,167
96,176,192,140,163,186
96,176,208,138,166,202
96,176,224,138,165,216
96,176,240,119,165,235
96,192,0,197,170,0
96,192,16,196,170,14
96,192,32,195,170,28
96,192,48,195,170,42
96,192,64,194,170,57
96,192,80,193,171,73
96,192,96,194,171,88
96,192,112,193,172,105
96,192,128,190,172,120
96,192,144,190,172,133
96,192,160,188,174,151
96,192,176,188,174,166
96,192,192,183,175,181
96,192,208,179,176,197
96,192,224,179,178,215
96,192,240,172,180,230
96,208,0,209,184,0
96,208,16,207,184,13
96,208,32,206,184,28
96,208,48,207,184,42
96,208,64,209,184,57
96,208,80,205,185,71
96,208,96,206,185,88
96,208,112,205,185,101
96,208,128,202,187,120
96,208,144,202,187,135
96,208,160,201,187,149
96,208,176,201,187,165
96,208,192,195,190,182
96,208,208,194,190,197
96,208,224,194,190,211
96,208,240,185,193,229
96,224,0,206,197,0
96,224,16,206,197,13
96,224,32,209,197,28
96,224,48,207,197,42
96,224,64,206,197,57
96,224,80,207,197,71
96,224,96,206,197,88
96,224,112,205,198,103
96,224,128,202,199,120
96,224,144,202,199,134
96,224,160,201,200,148
96,224,176,201,200,164
96,224,192,195,201,181
96,224,208,194,203,195
96,224,224,194,203,211
96,224,240,185,203,229
96,240,0,243,210,0
96,240,16,242,210,14
96,240,32,242,210,26
96,240,48,242,210,40
96,240,64,243,210,55
96,240,80,241,211,72
96,240,96,242,211,87
96,240,112,241,212,105
96,240,128,240,212,117
96,240,144,240,212,133
96,240,160,239,213,147
96,240,176,239,213,163
96,240,192,235,214,180
96,240,208,233,216,195
96,240,224,233,216,212
96,240,240,228,217,226
112,0,0,66,54,15
112,0,16,65,54,32
112,0,32,58,55,54
112,0,48,58,55,68
112,0,64,51,55,89
112,0,80,17,71,114
112,0,96,17,71,131
112,0,112,0,71,155
112,0,128,11,101,173
112,0,144,11,101,192
112,0,160,8,101,209
112,0,176,7,101,226
112,0,192,0,124,239
112,0,208,26,124,249
112,0,224,23,124,251
112,0,240,106,161,255
112,16,0,68,64,15
112,16,16,67,65,31
112,16,32,60,66,51
112,16,48,60,66,69
112,16,64,56,66,87
112,16,80,19,77,110
112,16,96,19,77,134
112,16,112,0,78,152
112,16,128,14,98,166
112,16,144,17,98,189
112,16,160,0,108,208
112,16,176,0,108,222
112,16,192,0,115,235
112,16,208,22,136,249
112,16,224,22,136,251
112,16,240,98,149,252
112,32,0,77,72,11
112,32,16,76,71,31
112,32,32,74,72,45
112,32,48,74,72,56
112,32,64,67,73,80
112,32,80,57,74,100
112,32,96,57,74,114
112,32,112,40,82,136
112,32,128,10,87,162
112,32,144,11,87,173
112,32,160,8,104,190
112,32,176,7,104,214
112,32,192,0,111,228
112,32,208,26,135,236
112,32,224,26,135,242
112,32,240,97,145,255
112,48,0,77,67,11
112,48,16,76,67,31
112,48,32,74,68,45
112,48,48,74,68,56
112,48,64,67,68,80
112,48,80,57,71,100
112,48,96,57,71,113
112,48,112,40,72,136
112,48,128,11,89,162
112,48,144,11,89,173
112,48,160,7,91,190
112,48,176,7,91,214
112,48,192,0,115,228
112,48,208,28,119,236
112,48,224,26,119,242
112,48,240,97,153,255
112,64,0,84,78,11
112,64,16,84,78,25
112,64,32,81,79,41
112,64,48,81,79,55
112,64,64,80,79,71
112,64,80,65,81,91
112,64,96,65,81,111
112,64,112,61,82,127
112,64,128,26,96,145
112,64,144,24,96,167
112,64,160,14,98,186
112,64,176,14,98,199
112,64,192,21,117,218
112,64,208,20,126,236
112,64,224,22,126,242
112,64,240,102,146,246
112,80,0,109,95,0
112,80,16,108,95,20
112,80,32,107,95,38
112,80,48,107,95,48
112,80,64,103,96,70
112,80,80,102,96,86
112,80,96,102,96,98
112,80,112,84,99,119
112,80,128,87,99,142
112,80,144,87,99,151
112,80,160,72,112,168
112,80,176,73,112,197
112,80,192,40,103,208
112,80,208,65,132,216
112,80,224,65,132,229
112,80,240,67,133,252
112,96,0,109,98,0
112,96,16,108,98,20
112,96,32,107,99,38
112,96,48,107,99,48
112,96,64,103,99,70
112,96,80,102,100,86
112,96,96,102,100,98
112,96,112,84,101,119
112,96,128,87,103,142
112,96,144,87,103,151
112,96,160,72,107,168
112,96,176,72,107,197
112,96,192,40,108,208
112,96,208,63,116,216
112,96,224,65,116,229
112,96,240,67,139,252
112,112,0,122,109,0
112,112,16,122,109,16
112,112,32,120,110,31
112,112,48,120,110,47
112,112,64,119,110,63
112,112,80,116,111,80
112,112,96,116,111,96
112,112,112,114,112,112
112,112,128,103,114,129
112,112,144,103,114,146
112,112,160,100,115,163
112,112,176,100,115,179
112,112,192,71,118,199
112,112,208,66,121,216
112,112,224,66,121,229
112,112,240,93,144,241
112,128,0,150,127,0
112,128,16,149,127,17
112,128,32,150,127,34
112,128,48,150,127,45
112,128,64,148,128,63
112,128,80,147,127,79
112,128,96,147,127,92
112,128,112,143,130,110
112,128,128,140,130,128
112,128,144,140,130,140
112,128,160,131,133,157
112,128,176,131,133,181
112,128,192,128,133,191
112,128,208,66,136,216
112,128,224,66,136,229
112,128,240,93,148,241
112,144,0,150,135,0
112,144,16,149,135,17
112,144,32,150,135,34
112,144,48,150,135,45
112,144,64,148,135,63
112,144,80,147,135,79
112,144,96,147,135,92
112,144,112,143,136,110
112,144,128,140,138,128
112,144,144,140,138,140
112,144,160,131,139,157
112,144,176,131,140,181
112,144,192,128,142,191
112,144,208,129,148,203
112,144,224,129,148,221
112,144,240,103,147,245
112,160,0,166,146,0
112,160,16,166,146,15
112,160,32,167,146,29
112,160,48,165,146,44
112,160,64,165,146,60
112,160,80,163,147,75
112,160,96,162,147,91
112,160,112,162,147,107
112,160,128,157,149,122
112,160,144,157,149,138
112,160,160,155,150,154
112,160,176,155,150,170
112,160,192,147,154,187
112,160,208,143,155,203
112,160,224,143,153,219
112,160,240,127,157,238
112,176,0,165,161,0
112,176,16,167,161,15
112,176,32,165,161,29
112,176,48,167,161,44
112,176,64,166,162,60
112,176,80,162,162,75
112,176,96,164,162,91
112,176,112,162,163,107
112,176,128,157,164,123
112,176,144,157,164,137
112,176,160,155,166,154
112,176,176,155,166,170
112,176,192,147,168,187
112,176,208,143,171,203
112,176,224,143,169,219
112,176,240,127,171,238
112,192,0,196,173,0
112,192,16,194,173,16
112,192,32,194,173,28
112,192,48,194,173,42
112,192,64,194,174,59
112,192,80,192,174,75
112,192,96,192,174,89
112,192,112,191,175,106
112,192,128,189,176,124
112,192,144,189,176,136
112,192,160,186,177,152
112,192,176,186,177,171
112,192,192,182,179,184
112,192,208,178,182,198
112,192,224,178,182,217
112,192,240,171,182,234
112,208,0,211,185,0
112,208,16,213,185,16
112,208,32,212,185,39
112,208,48,211,185,44
112,208,64,211,185,57
112,208,80,210,186,75
112,208,96,210,186,89
112,208,112,210,186,104
112,208,128,207,188,120
112,208,144,207,188,135
112,208,160,206,188,149
112,208,176,206,188,167
112,208,192,201,190,181
112,208,208,199,191,197
112,208,224,199,189,213
112,208,240,192,193,230
112,224,0,213,199,0
112,224,16,210,200,16
112,224,32,212,199,39
112,224,48,213,199,44
112,224,64,212,200,57
112,224,80,209,200,75
112,224,96,212,200,89
112,224,112,210,201,104
112,224,128,210,201,118
112,224,144,207,202,136
112,224,160,206,203,151
112,224,176,206,203,166
112,224,192,201,204,182
112,224,208,199,206,198
112,224,224,199,206,213
112,224,240,192,207,230
112,240,0,241,213,0
112,240,16,241,213,15
112,240,32,241,213,26
112,240,48,244,213,40
112,240,64,242,214,56
112,240,80,240,214,73
112,240,96,242,214,88
112,240,112,239,215,104
112,240,128,238,215,119
112,240,144,238,215,135
112,240,160,236,216,149
112,240,176,236,216,166
112,240,192,234,217,181
112,240,208,230,219,196
112,240,224,230,219,212
112,240,240,227,220,228
128,0,0,75,81,23
128,0,16,70,81,37
128,0,32,73,81,52
128,0,48,73,81,69
128,0,64,43,81,93
128,0,80,54,83,112
128,0,96,54,83,135
128,0,112,29,83,155
128,0,128,0,103,176
128,0,144,27,101,192
128,0,160,0,103,213
128,0,176,0,103,226
128,0,192,0,124,239
128,0,208,64,124,249
128,0,224,64,124,251
128,0,240,69,166,253
128,16,0,82,77,23
128,16,16,80,77,34
128,16,32,80,76,49
128,16,48,80,76,70
128,16,64,68,78,84
128,16,80,63,78,105
128,16,96,63,78,135
128,16,112,29,85,149
128,16,128,25,93,164
128,16,144,25,93,192
128,16,160,0,107,212
128,16,176,0,107,220
128,16,192,0,115,235
128,16,208,61,136,249
128,16,224,74,138,255
128,16,240,62,149,252
128,32,0,80,77,19
128,32,16,75,76,36
128,32,32,78,76,46
128,32,48,78,76,61
128,32,64,48,82,85
128,32,80,65,78,105
128,32,96,65,78,123
128,32,112,41,95,144
128,32,128,0,85,167
128,32,144,28,87,173
128,32,160,0,105,199
128,32,176,19,104,214
128,32,192,0,111,228
128,32,208,57,137,247
128,32,224,64,135,242
128,32,240,75,145,255
128,48,0,80,87,19
128,48,16,75,87,36
128,48,32,78,88,46
128,48,48,78,87,62
128,48,64,48,88,85
128,48,80,65,89,104
128,48,96,65,89,123
128,48,112,41,92,144
128,48,128,0,93,167
128,48,144,28,89,173
128,48,160,0,96,199
128,48,176,0,96,217
128,48,192,0,115,228
128,48,208,64,119,236
128,48,224,60,124,250
128,48,240,64,160,253
128,64,0,105,92,19
128,64,16,104,92,29
128,64,32,103,92,41
128,64,48,103,92,61
128,64,64,99,92,74
128,64,80,94,93,94
128,64,96,94,93,120
128,64,112,84,95,133
128,64,128,51,96,147
128,64,144,51,96,175
128,64,160,25,98,194
128,64,176,36,98,199
128,64,192,52,117,218
128,64,208,40,127,247
128,64,224,38,127,250
128,64,240,88,149,243
128,80,0,101,93,13
128,80,16,99,94,27
128,80,32,101,93,39
128,80,48,101,93,52
128,80,64,89,95,71
128,80,80,95,95,87
128,80,96,95,95,103
128,80,112,61,104,123
128,80,128,79,98,142
128,80,144,80,98,157
128,80,160,54,118,174
128,80,176,54,118,196
128,80,192,37,108,213
128,80,208,91,136,226
128,80,224,87,132,229
128,80,240,57,138,249
128,96,0,101,108,13
128,96,16,99,108,27
128,96,32,101,108,39
128,96,48,101,108,52
128,96,64,89,109,71
128,96,80,95,110,87
128,96,96,95,110,103
128,96,112,61,113,123
128,96,128,79,113,142
128,96,144,79,113,157
128,96,160,54,119,174
128,96,176,54,119,196
128,96,192,25,108,208
128,96,208,91,127,226
128,96,224,91,127,236
128,96,240,57,150,249
128,112,0,141,119,13
128,112,16,141,119,24
128,112,32,140,119,35
128,112,48,140,119,52
128,112,64,139,119,66
128,112,80,137,121,82
128,112,96,137,121,102
128,112,112,132,121,116
128,112,128,129,123,132
128,112,144,129,123,153
128,112,160,119,124,170
128,112,176,119,124,180
128,112,192,108,127,205
128,112,208,91,129,225
128,112,224,90,121,229
128,112,240,122,153,239
128,128,0,139,124,0
128,128,16,138,125,16
128,128,32,139,124,31
128,128,48,139,124,47
128,128,64,135,126,63
128,128,80,136,125,79
128,128,96,136,125,95
128,128,112,126,128,112
128,128,128,130,127,128
128,128,144,130,127,144
128,128,160,104,131,161
128,128,176,104,131,180
128,128,192,117,131,194
128,128,208,113,149,210
128,128,224,113,149,225
128,128,240,91,138,243
128,144,0,140,140,0
128,144,16,141,135,17
128,144,32,139,140,31
128,144,48,139,140,47
128,144,64,135,141,63
128,144,80,136,141,79
128,144,96,136,141,95
128,144,112,126,142,112
128,144,128,130,143,128
128,144,144,130,143,144
128,144,160,104,145,161
128,144,176,104,145,180
128,144,192,117,147,194
128,144,208,113,153,210
128,144,224,113,153,225
128,144,240,91,153,243
128,160,0,184,153,0
128,160,16,184,153,14
128,160,32,182,153,31
128,160,48,183,153,47
128,160,64,182,154,61
128,160,80,182,154,77
128,160,96,182,154,94
128,160,112,179,155,109
128,160,128,177,156,124
128,160,144,177,156,143
128,160,160,172,157,158
128,160,176,172,157,171
128,160,192,169,160,191
128,160,208,160,161,209
128,160,224,160,161,221
128,160,240,159,167,237
128,176,0,182,161,0
128,176,16,184,163,14
128,176,32,183,163,31
128,176,48,182,163,47
128,176,64,180,162,60
128,176,80,182,164,77
128,176,96,182,164,94
128,176,112,177,163,107
128,176,128,177,166,124
128,176,144,177,166,143
128,176,160,172,168,158
128,176,176,172,168,171
128,176,192,169,169,191
128,176,208,160,172,209
128,176,224,160,172,221
128,176,240,159,174,237
128,192,0,183,176,0
128,192,16,184,173,16
128,192,32,184,176,29
128,192,48,184,173,42
128,192,64,182,177,60
128,192,80,183,177,75
128,192,96,183,174,89
128,192,112,178,178,107
128,192,128,178,179,122
128,192,144,178,179,139
128,192,160,169,181,153
128,192,176,169,181,170
128,192,192,171,181,186
128,192,208,154,184,202
128,192,224,154,184,220
128,192,240,160,184,235
128,208,0,229,191,0
128,208,16,228,185,16
128,208,32,228,191,29
128,208,48,228,191,44
128,208,64,227,191,59
128,208,80,228,192,73
128,208,96,227,192,91
128,208,112,225,192,106
128,208,128,225,194,121
128,208,144,225,194,140
128,208,160,222,194,153
128,208,176,222,194,167
128,208,192,221,196,185
128,208,208,215,196,201
128,208,224,215,197,214
128,208,240,212,200,233
128,224,0,228,199,0
128,224,16,228,200,16
128,224,32,228,202,29
128,224,48,229,202,44
128,224,64,227,200,57
128,224,80,227,200,75
128,224,96,227,200,89
128,224,112,225,201,104
128,224,128,225,204,121
128,224,144,225,204,139
128,224,160,222,206,154
128,224,176,222,206,166
128,224,192,221,206,186
128,224,208,215,208,201
128,224,224,215,208,214
128,224,240,212,208,233
128,240,0,230,214,28
128,240,16,230,214,33
128,240,32,231,213,26
128,240,48,229,215,47
128,240,64,229,215,61
128,240,80,229,216,73
128,240,96,230,214,88
128,240,112,227,216,104
128,240,128,226,217,119
128,240,144,226,217,133
128,240,160,221,218,153
128,240,176,221,218,167
128,240,192,222,219,181
128,240,208,213,220,198
128,240,224,213,220,214
128,240,240,214,222,229
144,0,0,85,81,23
144,0,16,83,81,39
144,0,32,81,81,51
144,0,48,81,81,71
144,0,64,70,81,90
144,0,80,56,83,111
144,0,96,56,83,136
144,0,112,47,83,155
144,0,128,47,83,171
144,0,144,0,103,196
144,0,160,0,103,213
144,0,176,0,103,226
144,0,192,34,130,243
144,0,208,52,130,255
144,0,224,54,130,255
144,0,240,105,166,253
144,16,0,87,76,23
144,16,16,86,77,34
144,16,32,83,76,49
144,16,48,83,76,70
144,16,64,79,78,84
144,16,80,59,78,108
144,16,96,59,78,133
144,16,112,47,85,150
144,16,128,9,93,164
144,16,144,9,93,192
144,16,160,0,107,212
144,16,176,0,107,220
144,16,192,34,117,237
144,16,208,53,138,255
144,16,224,53,138,255
144,16,240,105,150,249
144,32,0,92,76,19
144,32,16,90,76,36
144,32,32,89,76,46
144,32,48,89,76,61
144,32,64,78,82,85
144,32,80,75,78,103
144,32,96,75,78,120
144,32,112,66,95,144
144,32,128,66,95,163
144,32,144,0,85,182
144,32,160,0,105,199
144,32,176,0,105,217
144,32,192,0,114,236
144,32,208,24,137,247
144,32,224,24,137,250
144,32,240,103,148,253
144,48,0,92,88,19
144,48,16,90,88,36
144,48,32,89,86,46
144,48,48,89,87,62
144,48,64,78,88,83
144,48,80,75,89,104
144,48,96,75,89,123
144,48,112,66,92,144
144,48,128,0,93,168
144,48,144,0,93,182
144,48,160,0,96,199
144,48,176,0,96,217
144,48,192,0,121,236
144,48,208,24,124,247
144,48,224,19,124,250
144,48,240,100,160,253
144,64,0,101,92,19
144,64,16,101,92,29
144,64,32,98,92,41
144,64,48,98,92,61
144,64,64,97,92,74
144,64,80,85,93,94
144,64,96,85,93,119
144,64,112,82,95,134
144,64,128,18,96,149
144,64,144,18,96,175
144,64,160,10,98,194
144,64,176,9,98,201
144,64,192,16,118,225
144,64,208,16,127,247
144,64,224,16,127,250
144,64,240,112,149,243
144,80,0,118,93,13
144,80,16,117,94,27
144,80,32,117,93,39
144,80,48,117,93,52
144,80,64,113,96,71
144,80,80,111,95,87
144,80,96,111,95,103
144,80,112,99,104,124
144,80,128,96,98,142
144,80,144,96,98,157
144,80,160,87,118,174
144,80,176,87,118,196
144,80,192,59,108,213
144,80,208,80,136,226
144,80,224,80,136,236
144,80,240,94,138,249
144,96,0,118,108,13
144,96,16,117,108,27
144,96,32,117,108,39
144,96,48,117,108,52
144,96,64,113,109,71
144,96,80,111,110,87
144,96,96,111,110,103
144,96,112,99,113,123
144,96,128,96,113,142
144,96,144,96,113,157
144,96,160,89,119,174
144,96,176,87,119,196
144,96,192,60,119,213
144,96,208,80,127,226
144,96,224,80,127,236
144,96,240,90,150,249
144,112,0,132,119,13
144,112,16,132,119,24
144,112,32,131,119,35
144,112,48,131,119,52
144,112,64,131,119,66
144,112,80,126,121,82
144,112,96,126,121,102
144,112,112,124,121,116
144,112,128,114,123,132
144,112,144,114,123,153
144,112,160,111,124,170
144,112,176,111,124,180
144,112,192,86,127,205
144,112,208,80,129,225
144,112,224,80,129,235
144,112,240,116,153,239
144,128,0,156,124,0
144,128,16,156,125,16
144,128,32,155,124,31
144,128,48,155,124,47
144,128,64,154,126,63
144,128,80,153,125,79
144,128,96,153,125,95
144,128,112,149,128,112
144,128,128,146,127,128
144,128,144,146,127,144
144,128,160,136,131,161
144,128,176,136,131,180
144,128,192,133,131,194
144,128,208,132,149,210
144,128,224,132,149,225
144,128,240,115,138,243
144,144,0,156,140,0
144,144,16,156,140,16
144,144,32,155,140,31
144,144,48,155,140,47
144,144,64,154,141,63
144,144,80,153,141,79
144,144,96,153,141,95
144,144,112,149,142,112
144,144,128,146,143,128
144,144,144,146,143,144
144,144,160,136,145,161
144,144,176,136,145,180
144,144,192,133,147,194
144,144,208,132,153,210
144,144,224,132,153,225
144,144,240,117,154,243
144,160,0,172,153,0
144,160,16,172,153,14
144,160,32,172,153,31
144,160,48,172,153,47
144,160,64,171,154,61
144,160,80,169,154,77
144,160,96,169,154,94
144,160,112,168,155,109
144,160,128,163,156,124
144,160,144,163,156,143
144,160,160,161,157,158
144,160,176,161,157,171
144,160,192,152,160,191
144,160,208,149,161,209
144,160,224,149,161,221
144,160,240,141,167,237
144,176,0,172,163,0
144,176,16,172,163,14
144,176,32,172,163,31
144,176,48,171,163,47
144,176,64,171,164,61
144,176,80,169,164,77
144,176,96,169,164,94
144,176,112,168,165,109
144,176,128,163,166,124
144,176,144,163,166,143
144,176,160,161,168,158
144,176,176,161,168,171
144,176,192,152,169,191
144,176,208,149,172,209
144,176,224,149,171,221
144,176,240,141,174,237
144,192,0,201,176,0
144,192,16,199,176,15
144,192,32,199,176,29
144,192,48,199,176,44
144,192,64,200,177,60
144,192,80,197,177,75
144,192,96,198,177,91
144,192,112,196,178,107
144,192,128,193,179,122
144,192,144,194,179,138
144,192,160,191,181,154
144,192,176,191,181,170
144,192,192,187,181,186
144,192,208,181,183,202
144,192,224,181,184,220
144,192,240,176,186,235
144,208,0,218,191,0
144,208,16,217,191,13
144,208,32,217,191,29
144,208,48,215,191,44
144,208,64,217,191,59
144,208,80,214,192,73
144,208,96,214,192,91
144,208,112,215,192,106
144,208,128,210,194,121
144,208,144,211,194,137
144,208,160,210,194,154
144,208,176,210,194,166
144,208,192,205,196,185
144,208,208,203,196,201
144,208,224,203,197,214
144,208,240,195,200,233
144,224,0,217,202,0
144,224,16,216,202,13
144,224,32,217,202,29
144,224,48,215,202,44
144,224,64,215,203,59
144,224,80,214,203,73
144,224,96,215,203,91
144,224,112,213,204,106
144,224,128,210,204,121
144,224,144,211,204,137
144,224,160,210,206,155
144,224,176,210,206,167
144,224,192,205,206,185
144,224,208,203,208,201
144,224,224,203,208,214
144,224,240,195,210,233
144,240,0,247,214,28
144,240,16,245,214,33
144,240,32,245,215,31
144,240,48,247,215,47
144,240,64,245,215,61
144,240,80,244,216,73
144,240,96,244,216,88
144,240,112,243,216,104
144,240,128,241,217,119
144,240,144,242,217,135
144,240,160,240,218,152
144,240,176,240,218,167
144,240,192,238,219,180
144,240,208,235,220,198
144,240,224,235,220,213
144,240,240,230,222,229
160,0,0,94,81,23
160,0,16,94,81,39
160,0,32,90,81,57
160,0,48,90,81,71
160,0,64,87,81,93
160,0,80,65,83,115
160,0,96,65,83,136
160,0,112,56,83,157
160,0,128,14,103,179
160,0,144,14,103,199
160,0,160,13,103,214
160,0,176,11,103,229
160,0,192,41,130,245
160,0,208,57,130,255
160,0,224,55,130,255
160,0,240,127,166,255
160,16,0,95,90,23
160,16,16,95,91,38
160,16,32,91,91,57
160,16,48,91,91,70
160,16,64,89,92,90
160,16,80,66,92,110
160,16,96,66,92,133
160,16,112,60,94,155
160,16,128,15,107,172
160,16,144,15,107,192
160,16,160,9,113,214
160,16,176,11,113,229
160,16,192,46,126,242
160,16,208,56,143,255
160,16,224,55,143,255
160,16,240,122,156,255
160,32,0,102,96,19
160,32,16,101,96,37
160,32,32,98,96,52
160,32,48,98,96,62
160,32,64,96,96,85
160,32,80,85,97,105
160,32,96,85,97,123
160,32,112,76,98,145
160,32,128,14,100,168
160,32,144,14,100,183
160,32,160,13,113,200
160,32,176,9,113,220
160,32,192,7,118,238
160,32,208,25,140,247
160,32,224,16,140,250
160,32,240,121,156,255
160,48,0,102,90,19
160,48,16,101,90,37
160,48,32,98,90,52
160,48,48,98,90,63
160,48,64,96,90,84
160,48,80,85,92,106
160,48,96,85,92,121
160,48,112,76,92,143
160,48,128,14,95,169
160,48,144,14,95,181
160,48,160,13,97,200
160,48,176,13,97,220
160,48,192,7,121,238
160,48,208,19,125,247
160,48,224,16,125,250
160,48,240,121,161,255
160,64,0,106,101,19
160,64,16,105,101,32
160,64,32,102,101,49
160,64,48,102,99,62
160,64,64,101,100,78
160,64,80,89,102,97
160,64,96,89,102,120
160,64,112,86,102,138
160,64,128,19,104,156
160,64,144,19,104,179
160,64,160,14,106,197
160,64,176,12,106,211
160,64,192,20,126,229
160,64,208,16,133,247
160,64,224,16,133,250
160,64,240,121,156,249
160,80,0,127,114,13
160,80,16,126,114,31
160,80,32,126,114,45
160,80,48,126,114,53
160,80,64,124,114,75
160,80,80,120,115,92
160,80,96,120,115,104
160,80,112,115,116,127
160,80,128,107,117,151
160,80,144,107,117,160
160,80,160,101,126,177
160,80,176,101,126,206
160,80,192,74,120,218
160,80,208,82,143,226
160,80,224,81,143,236
160,80,240,107,146,255
160,96,0,127,114,13
160,96,16,126,114,31
160,96,32,126,114,45
160,96,48,126,114,53
160,96,64,124,114,75
160,96,80,120,116,92
160,96,96,120,116,104
160,96,112,115,116,127
160,96,128,107,119,151
160,96,144,107,119,160
160,96,160,101,121,177
160,96,176,101,121,206
160,96,192,74,122,218
160,96,208,81,129,226
160,96,224,81,129,236
160,96,240,106,153,255
160,112,0,134,123,13
160,112,16,134,124,26
160,112,32,134,123,40
160,112,48,134,123,53
160,112,64,133,124,68
160,112,80,128,125,85
160,112,96,128,125,103
160,112,112,127,126,119
160,112,128,116,128,136
160,112,144,116,128,155
160,112,160,113,129,172
160,112,176,114,129,188
160,112,192,86,131,208
160,112,208,84,134,226
160,112,224,84,134,236
160,112,240,118,158,243
160,128,0,164,141,0
160,128,16,163,141,19
160,128,32,163,141,39
160,128,48,163,141,48
160,128,64,162,142,67
160,128,80,160,142,83
160,128,96,160,142,96
160,128,112,157,143,116
160,128,128,153,143,135
160,128,144,153,143,147
160,128,160,147,146,164
160,128,176,147,146,190
160,128,192,141,146,199
160,128,208,142,161,210
160,128,224,142,161,225
160,128,240,127,152,249
160,144,0,164,146,0
160,144,16,163,146,19
160,144,32,163,146,39
160,144,48,163,146,48
160,144,64,162,146,67
160,144,80,160,147,83
160,144,96,160,147,96
160,144,112,157,148,116
160,144,128,153,149,135
160,144,144,153,149,147
160,144,160,147,150,164
160,144,176,147,150,190
160,144,192,141,152,199
160,144,208,142,158,210
160,144,224,142,158,225
160,144,240,127,160,249
160,160,0,174,156,0
160,160,16,174,156,15
160,160,32,173,156,31
160,160,48,173,156,47
160,160,64,172,156,63
160,160,80,170,157,79
160,160,96,170,157,95
160,160,112,169,157,111
160,160,128,164,158,127
160,160,144,164,158,144
160,160,160,162,159,160
160,160,176,162,159,176
160,160,192,153,162,193
160,160,208,150,163,210
160,160,224,150,163,225
160,160,240,141,169,240
160,176,0,172,171,0
160,176,16,175,171,15
160,176,32,174,171,31
160,176,48,172,171,47
160,176,64,172,172,63
160,176,80,170,172,79
160,176,96,170,172,95
160,176,112,169,173,111
160,176,128,164,173,127
160,176,144,164,173,144
160,176,160,162,175,160
160,176,176,162,175,176
160,176,192,153,176,193
160,176,208,150,179,210
160,176,224,150,179,225
160,176,240,141,182,240
160,192,0,207,182,0
160,192,16,206,182,17
160,192,32,205,182,35
160,192,48,205,182,45
160,192,64,204,182,62
160,192,80,203,183,78
160,192,96,203,183,92
160,192,112,202,183,109
160,192,128,199,185,127
160,192,144,199,185,140
160,192,160,197,186,156
160,192,176,197,186,178
160,192,192,192,186,189
160,192,208,190,189,202
160,192,224,190,190,220
160,192,240,181,190,240
160,208,0,215,191,0
160,208,16,217,191,29
160,208,32,214,191,61
160,208,48,215,191,49
160,208,64,215,191,64
160,208,80,215,192,95
160,208,96,213,192,96
160,208,112,214,193,108
160,208,128,210,194,131
160,208,144,209,194,141
160,208,160,210,195,154
160,208,176,210,195,170
160,208,192,204,196,187
160,208,208,203,197,202
160,208,224,203,197,218
160,208,240,195,201,234
160,224,0,215,204,0
160,224,16,215,205,29
160,224,32,215,204,61
160,224,48,214,204,49
160,224,64,216,205,64
160,224,80,213,205,95
160,224,96,215,205,96
160,224,112,215,207,108
160,224,128,209,207,131
160,224,144,211,207,141
160,224,160,210,211,154
160,224,176,210,211,171
160,224,192,204,209,186
160,224,208,203,213,202
160,224,224,203,213,218
160,224,240,195,215,234
160,240,0,250,219,28
160,240,16,250,219,35
160,240,32,250,220,31
160,240,48,251,220,47
160,240,64,249,220,63
160,240,80,249,221,75
160,240,96,249,221,89
160,240,112,249,221,105
160,240,128,246,222,122
160,240,144,246,222,136
160,240,160,245,223,152
160,240,176,245,223,173
160,240,192,243,224,183
160,240,208,240,225,198
160,240,224,240,225,217
160,240,240,235,226,232
176,0,0,104,81,23
176,0,16,102,81,41
176,0,32,101,81,57
176,0,48,101,81,71
176,0,64,92,81,93
176,0,80,84,83,114
176,0,96,84,83,135
176,0,112,55,83,155
176,0,128,55,83,177
176,0,144,45,103,195
176,0,160,42,103,215
176,0,176,42,103,229
176,0,192,45,130,245
176,0,208,87,130,255
176,0,224,83,130,255
176,0,240,113,166,255
176,16,0,106,92,23
176,16,16,105,91,38
176,16,32,103,91,56
176,16,48,103,91,70
176,16,64,97,92,90
176,16,80,87,92,113
176,16,96,87,92,136
176,16,112,68,94,155
176,16,128,51,107,172
176,16,144,51,107,198
176,16,160,30,113,216
176,16,176,30,113,229
176,16,192,58,126,242
176,16,208,82,143,255
176,16,224,88,143,255
176,16,240,101,156,255
176,32,0,108,96,19
176,32,16,107,96,37
176,32,32,106,96,52
176,32,48,106,96,64
176,32,64,97,96,84
176,32,80,96,97,106
176,32,96,96,97,121
176,32,112,68,98,143
176,32,128,45,100,169
176,32,144,45,100,183
176,32,160,42,113,197
176,32,176,42,113,220
176,32,192,25,118,238
176,32,208,66,140,247
176,32,224,69,140,250
176,32,240,110,156,255
176,48,0,108,90,19
176,48,16,107,90,37
176,48,32,106,90,52
176,48,48,106,90,63
176,48,64,97,90,84
176,48,80,96,92,106
176,48,96,96,92,121
176,48,112,68,92,146
176,48,128,45,95,168
176,48,144,45,95,183
176,48,160,42,97,200
176,48,176,42,97,220
176,48,192,22,121,238
176,48,208,63,125,247
176,48,224,69,125,250
176,48,240,111,161,255
176,64,0,121,99,19
176,64,16,120,100,32
176,64,32,119,100,49
176,64,48,119,99,62
176,64,64,115,100,78
176,64,80,110,102,97
176,64,96,110,102,120
176,64,112,101,102,136
176,64,128,101,102,151
176,64,144,63,104,179
176,64,160,45,106,195
176,64,176,45,106,211
176,64,192,57,126,229
176,64,208,61,133,247
176,64,224,61,133,250
176,64,240,114,156,249
176,80,0,127,114,13
176,80,16,125,114,31
176,80,32,126,114,45
176,80,48,126,114,53
176,80,64,120,114,75
176,80,80,121,115,92
176,80,96,121,115,104
176,80,112,103,116,127
176,80,128,109,117,151
176,80,144,109,117,160
176,80,160,88,126,179
176,80,176,88,126,206
176,80,192,77,120,218
176,80,208,104,143,226
176,80,224,101,143,236
176,80,240,93,146,255
176,96,0,127,114,13
176,96,16,125,114,31
176,96,32,126,114,45
176,96,48,126,114,53
176,96,64,120,114,75
176,96,80,121,116,92
176,96,96,121,116,104
176,96,112,103,116,127
176,96,128,109,119,150
176,96,144,109,119,160
176,96,160,88,121,179
176,96,176,88,121,206
176,96,192,77,122,218
176,96,208,102,129,226
176,96,224,102,129,236
176,96,240,93,153,255
176,112,0,151,123,13
176,112,16,151,124,26
176,112,32,151,123,40
176,112,48,151,123,53
176,112,64,149,124,68
176,112,80,148,125,85
176,112,96,148,126,103
176,112,112,143,126,119
176,112,128,138,128,136
176,112,144,138,128,156
176,112,160,129,129,172
176,112,176,129,129,188
176,112,192,117,131,208
176,112,208,109,134,226
176,112,224,107,134,236
176,112,240,132,158,243
176,128,0,158,141,0
176,128,16,157,141,19
176,128,32,157,141,39
176,128,48,157,141,48
176,128,64,154,142,67
176,128,80,155,142,83
176,128,96,155,142,96
176,128,112,146,143,116
176,128,128,148,143,135
176,128,144,148,143,147
176,128,160,130,146,164
176,128,176,130,146,190
176,128,192,135,146,199
176,128,208,139,161,210
176,128,224,139,161,225
176,128,240,117,152,249
176,144,0,158,146,0
176,144,16,157,146,19
176,144,32,157,146,39
176,144,48,157,146,48
176,144,64,154,146,67
176,144,80,155,147,83
176,144,96,155,147,96
176,144,112,146,148,116
176,144,128,148,149,135
176,144,144,148,149,147
176,144,160,130,150,164
176,144,176,130,150,190
176,144,192,136,152,199
176,144,208,139,158,210
176,144,224,139,158,225
176,144,240,118,160,249
176,160,0,191,156,0
176,160,16,191,156,15
176,160,32,190,156,31
176,160,48,190,156,47
176,160,64,189,156,63
176,160,80,189,157,79
176,160,96,189,157,95
176,160,112,186,157,111
176,160,128,184,158,127
176,160,144,184,158,144
176,160,160,178,159,160
176,160,176,178,159,176
176,160,192,175,162,193
176,160,208,167,163,210
176,160,224,167,163,225
176,160,240,165,169,240
176,176,0,191,171,0
176,176,16,191,171,15
176,176,32,190,171,31
176,176,48,190,171,47
176,176,64,189,172,63
176,176,80,189,172,79
176,176,96,189,172,95
176,176,112,186,173,111
176,176,128,184,173,127
176,176,144,184,173,144
176,176,160,178,175,160
176,176,176,178,175,176
176,176,192,175,176,193
176,176,208,167,179,210
176,176,224,167,179,225
176,176,240,165,182,240
176,192,0,197,182,0
176,192,16,197,182,17
176,192,32,196,182,35
176,192,48,196,182,45
176,192,64,195,182,62
176,192,80,195,183,78
176,192,96,195,183,92
176,192,112,190,183,109
176,192,128,191,185,127
176,192,144,191,185,140
176,192,160,183,186,156
176,192,176,183,186,178
176,192,192,184,186,189
176,192,208,176,189,202
176,192,224,176,189,220
176,192,240,173,190,240
176,208,0,231,191,0
176,208,16,229,191,29
176,208,32,230,191,61
176,208,48,230,191,49
176,208,64,230,191,64
176,208,80,230,192,95
176,208,96,229,192,96
176,208,112,229,193,108
176,208,128,226,194,131
176,208,144,226,194,141
176,208,160,226,195,154
176,208,176,226,195,170
176,208,192,223,196,187
176,208,208,219,197,202
176,208,224,219,197,218
176,208,240,217,201,234
176,224,0,230,204,0
176,224,16,229,205,29
176,224,32,231,204,61
176,224,48,229,204,49
176,224,64,230,205,64
176,224,80,229,205,95
176,224,96,230,205,96
176,224,112,228,207,108
176,224,128,226,207,131
176,224,144,226,207,141
176,224,160,225,211,154
176,224,176,226,211,170
176,224,192,223,209,187
176,224,208,219,213,202
176,224,224,219,213,218
176,224,240,217,214,234
176,240,0,240,219,28
176,240,16,240,219,35
176,240,32,240,220,31
176,240,48,240,220,47
176,240,64,239,220,63
176,240,80,238,221,75
176,240,96,240,221,89
176,240,112,236,221,105
176,240,128,236,222,122
176,240,144,237,222,136
176,240,160,230,223,152
176,240,176,231,223,171
176,240,192,233,224,184
176,240,208,224,225,197
176,240,224,224,225,217
176,240,240,225,226,232
192,0,0,113,108,30
192,0,16,112,108,42
192,0,32,110,108,54
192,0,48,110,108,73
192,0,64,102,108,94
192,0,80,96,109,115
192,0,96,96,109,139
192,0,112,76,109,157
192,0,128,54,111,180
192,0,144,54,111,201
192,0,160,50,111,220
192,0,176,50,111,232
192,0,192,71,145,244
192,0,208,100,145,255
192,0,224,103,145,255
192,0,240,118,171,255
192,16,0,115,103,30
192,16,16,114,102,41
192,16,32,112,102,56
192,16,48,112,102,72
192,16,64,108,103,88
192,16,80,99,103,111
192,16,96,99,103,135
192,16,112,76,104,153
192,16,128,76,104,167
192,16,144,59,105,196
192,16,160,41,114,217
192,16,176,41,114,229
192,16,192,71,129,240
192,16,208,102,150,255
192,16,224,100,150,255
192,16,240,104,156,252
192,32,0,118,102,27
192,32,16,116,102,42
192,32,32,115,101,52
192,32,48,115,101,66
192,32,64,107,102,87
192,32,80,106,102,109
192,32,96,106,102,129
192,32,112,86,111,151
192,32,128,76,104,173
192,32,144,76,104,190
192,32,160,72,122,210
192,32,176,72,122,227
192,32,192,51,123,244
192,32,208,83,147,255
192,32,224,83,147,255
192,32,240,119,155,255
192,48,0,118,112,27
192,48,16,116,110,42
192,48,32,115,110,52
192,48,48,115,111,67
192,48,64,107,111,90
192,48,80,106,113,107
192,48,96,106,113,128
192,48,112,86,114,148
192,48,128,86,114,171
192,48,144,76,115,191
192,48,160,72,118,208
192,48,176,72,118,223
192,48,192,51,133,244
192,48,208,81,137,255
192,48,224,81,137,255
192,48,240,119,168,255
192,64,0,126,113,27
192,64,16,126,113,36
192,64,32,124,113,49
192,64,48,124,113,67
192,64,64,122,114,80
192,64,80,115,115,99
192,64,96,115,115,126
192,64,112,111,116,140
192,64,128,91,117,157
192,64,144,91,117,184
192,64,160,80,119,203
192,64,176,80,119,210
192,64,192,76,131,234
192,64,208,79,140,255
192,64,224,78,140,255
192,64,240,125,158,246
192,80,0,136,113,21
192,80,16,136,113,35
192,80,32,135,114,45
192,80,48,135,114,58
192,80,64,130,114,77
192,80,80,129,115,95
192,80,96,129,115,110
192,80,112,107,117,132
192,80,128,107,117,153
192,80,144,116,117,166
192,80,160,97,130,186
192,80,176,97,130,204
192,80,192,76,120,225
192,80,208,106,149,237
192,80,224,106,149,243
192,80,240,103,148,252
192,96,0,136,126,21
192,96,16,136,127,35
192,96,32,135,129,45
192,96,48,135,129,58
192,96,64,130,129,77
192,96,80,129,128,95
192,96,96,129,129,111
192,96,112,107,129,130
192,96,128,116,131,152
192,96,144,116,131,168
192,96,160,97,134,186
192,96,176,97,134,208
192,96,192,76,135,225
192,96,208,106,143,237
192,96,224,105,143,243
192,96,240,101,162,252
192,112,0,152,135,21
192,112,16,152,135,30
192,112,32,151,136,38
192,112,48,151,136,56
192,112,64,150,136,70
192,112,80,146,137,88
192,112,96,146,137,109
192,112,112,144,138,124
192,112,128,135,139,139
192,112,144,135,139,162
192,112,160,131,140,180
192,112,176,131,140,190
192,112,192,113,142,216
192,112,208,108,145,237
192,112,224,107,145,243
192,112,240,137,165,241
192,128,0,168,138,14
192,128,16,168,138,27
192,128,32,168,139,39
192,128,48,168,139,52
192,128,64,167,140,68
192,128,80,165,139,84
192,128,96,165,139,100
192,128,112,160,143,118
192,128,128,158,141,135
192,128,144,158,141,151
192,128,160,147,144,170
192,128,176,147,144,188
192,128,192,146,144,203
192,128,208,147,162,218
192,128,224,147,162,231
192,128,240,132,151,246
192,144,0,168,154,14
192,144,16,168,154,27
192,144,32,168,154,39
192,144,48,168,154,52
192,144,64,167,155,68
192,144,80,165,155,84
192,144,96,165,155,100
192,144,112,160,156,118
192,144,128,158,156,135
192,144,144,158,156,151
192,144,160,147,158,169
192,144,176,147,158,188
192,144,192,146,159,203
192,144,208,148,166,218
192,144,224,147,166,231
192,144,240,133,167,246
192,160,0,188,166,14
192,160,16,188,166,24
192,160,32,188,166,34
192,160,48,188,166,51
192,160,64,187,167,65
192,160,80,185,167,81
192,160,96,185,167,99
192,160,112,183,168,114
192,160,128,179,168,129
192,160,144,179,168,149
192,160,160,176,169,165
192,160,176,176,169,177
192,160,192,169,171,199
192,160,208,164,172,218
192,160,224,164,172,229
192,160,240,162,179,238
192,176,0,188,174,14
192,176,16,188,174,24
192,176,32,188,174,34
192,176,48,188,174,51
192,176,64,187,175,65
192,176,80,185,175,81
192,176,96,185,175,99
192,176,112,183,176,114
192,176,128,179,176,129
192,176,144,179,176,149
192,176,160,176,178,165
192,176,176,176,178,177
192,176,192,169,178,199
192,176,208,164,181,218
192,176,224,164,181,229
192,176,240,162,184,238
192,192,0,208,186,0
192,192,16,208,186,16
192,192,32,208,186,31
192,192,48,208,186,46
192,192,64,207,187,62
192,192,80,206,187,78
192,192,96,206,187,94
192,192,112,204,188,110
192,192,128,203,189,126
192,192,144,203,189,142
192,192,160,198,190,159
192,192,176,198,190,176
192,192,192,195,191,191
192,192,208,189,194,207
192,192,224,189,194,223
192,192,240,184,194,241
192,208,0,228,200,0
192,208,16,229,200,16
192,208,32,230,200,41
192,208,48,228,200,48
192,208,64,228,201,60
192,208,80,228,201,78
192,208,96,227,201,94
192,208,112,227,202,109
192,208,128,224,203,123
192,208,144,224,203,141
192,208,160,223,204,157
192,208,176,223,204,170
192,208,192,217,205,189
192,208,208,215,206,206
192,208,224,215,206,219
192,208,240,208,208,237
192,224,0,228,210,0
192,224,16,228,210,16
192,224,32,230,210,41
192,224,48,229,210,48
192,224,64,229,211,60
192,224,80,227,211,78
192,224,96,227,211,94
192,224,112,227,212,109
192,224,128,224,212,123
192,224,144,224,212,141
192,224,160,223,214,157
192,224,176,223,214,170
192,224,192,217,214,189
192,224,208,215,216,206
192,224,224,215,216,219
192,224,240,208,217,237
192,240,0,244,218,85
192,240,16,244,218,73
192,240,32,244,218,58
192,240,48,245,218,87
192,240,64,243,219,93
192,240,80,244,219,86
192,240,96,244,219,107
192,240,112,244,220,121
192,240,128,243,221,125
192,240,144,244,221,141
192,240,160,241,223,157
192,240,176,240,223,172
192,240,192,243,226,185
192,240,208,239,228,201
192,240,224,239,228,218
192,240,240,236,229,233
208,0,0,122,108,30
208,0,16,122,108,44
208,0,32,119,108,63
208,0,48,119,108,74
208,0,64,118,108,92
208,0,80,104,109,116
208,0,96,104,109,135
208,0,112,101,109,161
208,0,128,101,109,177
208,0,144,60,111,202
208,0,160,58,111,220
208,0,176,58,111,231
208,0,192,94,145,244
208,0,208,97,145,255
208,0,224,99,145,255
208,0,240,138,171,255
208,16,0,123,117,30
208,16,16,123,118,44
208,16,32,119,118,59
208,16,48,119,118,72
208,16,64,118,118,92
208,16,80,104,118,115
208,16,96,104,118,137
208,16,112,102,119,159
208,16,128,60,120,177
208,16,144,60,120,201
208,16,160,58,125,219
208,16,176,58,125,234
208,16,192,95,144,243
208,16,208,97,155,255
208,16,224,100,155,255
208,16,240,139,167,255
208,32,0,128,121,27
208,32,16,128,122,43
208,32,32,125,121,58
208,32,48,125,121,69
208,32,64,124,122,88
208,32,80,115,122,109
208,32,96,115,122,129
208,32,112,112,123,151
208,32,128,86,124,174
208,32,144,86,124,189
208,32,160,85,133,206
208,32,176,85,133,224
208,32,192,70,136,246
208,32,208,74,151,255
208,32,224,70,151,255
208,32,240,137,166,255
208,48,0,128,115,27
208,48,16,128,114,43
208,48,32,125,114,58
208,48,48,125,114,68
208,48,64,124,114,88
208,48,80,115,116,109
208,48,96,115,116,128
208,48,112,112,116,152
208,48,128,86,118,175
208,48,144,86,118,192
208,48,160,85,120,208
208,48,176,85,120,227
208,48,192,70,135,247
208,48,208,74,137,255
208,48,224,72,137,255
208,48,240,137,169,255
208,64,0,130,124,27
208,64,16,129,124,39
208,64,32,127,123,55
208,64,48,127,123,68
208,64,64,126,124,84
208,64,80,117,125,107
208,64,96,117,125,126
208,64,112,115,126,145
208,64,128,115,126,160
208,64,144,89,127,185
208,64,160,86,128,207
208,64,176,86,128,221
208,64,192,74,141,236
208,64,208,74,146,255
208,64,224,75,146,255
208,64,240,137,167,252
208,80,0,148,135,21
208,80,16,148,135,38
208,80,32,147,136,51
208,80,48,147,135,59
208,80,64,146,136,80
208,80,80,141,136,98
208,80,96,141,136,111
208,80,112,139,137,134
208,80,128,139,137,161
208,80,144,128,138,169
208,80,160,126,145,186
208,80,176,126,145,211
208,80,192,102,141,228
208,80,208,104,156,237
208,80,224,102,156,243
208,80,240,134,163,255
208,96,0,148,133,21
208,96,16,148,133,38
208,96,32,147,134,51
208,96,48,147,134,59
208,96,64,146,134,80
208,96,80,141,135,98
208,96,96,141,135,112
208,96,112,139,135,133
208,96,128,128,136,157
208,96,144,128,136,168
208,96,160,126,138,184
208,96,176,126,138,213
208,96,192,102,140,227
208,96,208,104,144,237
208,96,224,104,144,243
208,96,240,134,166,255
208,112,0,152,140,21
208,112,16,152,140,33
208,112,32,150,142,46
208,112,48,150,143,58
208,112,64,150,143,73
208,112,80,145,144,92
208,112,96,145,142,110
208,112,112,144,143,127
208,112,128,144,143,142
208,112,144,132,145,164
208,112,160,131,145,183
208,112,176,131,145,198
208,112,192,107,148,221
208,112,208,105,150,237
208,112,224,104,150,243
208,112,240,139,170,246
208,128,0,180,158,14
208,128,16,180,158,30
208,128,32,180,159,45
208,128,48,150,156,58
208,128,64,180,159,72
208,128,80,176,159,89
208,128,96,176,159,101
208,128,112,175,161,121
208,128,128,170,160,142
208,128,144,170,160,154
208,128,160,167,163,172
208,128,176,167,163,200
208,128,192,158,163,209
208,128,208,158,173,218
208,128,224,158,173,231
208,128,240,150,169,252
208,144,0,180,160,14
208,144,16,180,161,30
208,144,32,180,161,45
208,144,48,180,161,53
208,144,64,180,162,72
208,144,80,176,162,89
208,144,96,176,162,101
208,144,112,175,163,121
208,144,128,170,163,142
208,144,144,170,163,154
208,144,160,167,164,172
208,144,176,167,164,200
208,144,192,158,166,208
208,144,208,158,170,218
208,144,224,158,170,231
208,144,240,150,174,252
208,160,0,185,169,14
208,160,16,185,169,26
208,160,32,185,170,39
208,160,48,185,170,52
208,160,64,185,170,67
208,160,80,182,171,83
208,160,96,182,171,100
208,160,112,181,171,116
208,160,128,175,171,133
208,160,144,175,171,150
208,160,160,174,172,167
208,160,176,174,172,183
208,160,192,164,174,201
208,160,208,162,174,218
208,160,224,163,174,231
208,160,240,157,182,242
208,176,0,185,184,14
208,176,16,185,185,26
208,176,32,185,185,39
208,176,48,185,185,52
208,176,64,185,185,67
208,176,80,182,186,83
208,176,96,182,186,100
208,176,112,181,187,116
208,176,128,175,186,133
208,176,144,175,186,150
208,176,160,174,188,167
208,176,176,174,188,183
208,176,192,164,189,201
208,176,208,162,189,218
208,176,224,162,189,231
208,176,240,157,195,242
208,192,0,219,194,0
208,192,16,219,194,18
208,192,32,219,194,39
208,192,48,219,194,47
208,192,64,219,194,65
208,192,80,217,195,82
208,192,96,217,195,95
208,192,112,217,195,113
208,192,128,214,196,132
208,192,144,214,196,144
208,192,160,212,197,161
208,192,176,212,197,184
208,192,192,206,198,195
208,192,208,204,200,207
208,192,224,204,200,223
208,192,240,195,201,246
208,208,0,224,201,0
208,208,16,224,201,37
208,208,32,224,201,73
208,208,48,224,201,53
208,208,64,224,201,71
208,208,80,222,202,107
208,208,96,222,202,102
208,208,112,222,202,112
208,208,128,218,204,143
208,208,144,218,204,148
208,208,160,218,204,158
208,208,176,218,204,173
208,208,192,211,206,193
208,208,208,211,207,207
208,208,224,211,207,221
208,208,240,201,209,239
208,224,0,224,211,0
208,224,16,224,212,37
208,224,32,224,211,73
208,224,48,223,211,53
208,224,64,224,212,71
208,224,80,223,212,107
208,224,96,221,212,102
208,224,112,222,214,112
208,224,128,218,214,143
208,224,144,218,214,148
208,224,160,218,217,158
208,224,176,218,217,173
208,224,192,211,216,193
208,224,208,211,221,207
208,224,224,211,221,221
208,224,240,201,220,239
208,240,0,253,224,85
208,240,16,253,225,75
208,240,32,253,225,63
208,240,48,254,225,87
208,240,64,253,225,95
208,240,80,254,226,88
208,240,96,254,226,108
208,240,112,252,227,123
208,240,128,253,228,128
208,240,144,253,228,143
208,240,160,252,229,159
208,240,176,252,229,178
208,240,192,253,233,188
208,240,208,251,233,202
208,240,224,251,233,220
208,240,240,246,236,237
224,0,0,132,108,30
224,0,16,131,108,45
224,0,32,129,108,61
224,0,48,129,108,74
224,0,64,124,108,94
224,0,80,118,109,114
224,0,96,118,109,134
224,0,112,104,109,161
224,0,128,104,109,179
224,0,144,86,111,204
224,0,160,80,111,220
224,0,176,80,111,231
224,0,192,100,145,243
224,0,208,115,145,255
224,0,224,115,145,255
224,0,240,133,171,255
224,16,0,133,118,30
224,16,16,133,118,44
224,16,32,131,118,60
224,16,48,131,118,74
224,16,64,127,118,92
224,16,80,120,118,112
224,16,96,120,118,136
224,16,112,109,119,155
224,16,128,88,120,180
224,16,144,88,120,197
224,16,160,79,125,220
224,16,176,79,125,234
224,16,192,104,144,243
224,16,208,115,155,255
224,16,224,115,155,255
224,16,240,131,167,255
224,32,0,135,122,27
224,32,16,134,122,43
224,32,32,134,121,58
224,32,48,134,121,67
224,32,64,128,122,86
224,32,80,126,122,110
224,32,96,126,122,129
224,32,112,111,123,152
224,32,128,103,124,176
224,32,144,103,124,190
224,32,160,98,133,209
224,32,176,98,133,225
224,32,192,84,136,247
224,32,208,100,151,255
224,32,224,100,151,255
224,32,240,132,166,255
224,48,0,135,115,27
224,48,16,134,114,43
224,48,32,134,115,58
224,48,48,134,114,68
224,48,64,128,114,91
224,48,80,126,116,109
224,48,96,126,116,127
224,48,112,111,116,152
224,48,128,103,118,174
224,48,144,103,118,190
224,48,160,98,120,206
224,48,176,98,120,224
224,48,192,84,135,245
224,48,208,100,137,255
224,48,224,100,137,255
224,48,240,133,169,255
224,64,0,144,123,27
224,64,16,143,123,39
224,64,32,142,124,55
224,64,48,142,124,68
224,64,64,139,124,84
224,64,80,135,125,104
224,64,96,135,125,126
224,64,112,128,126,145
224,64,128,115,127,164
224,64,144,115,127,188
224,64,160,101,128,207
224,64,176,101,128,221
224,64,192,101,141,241
224,64,208,100,146,255
224,64,224,100,146,255
224,64,240,135,167,252
224,80,0,150,135,21
224,80,16,150,135,38
224,80,32,149,135,51
224,80,48,149,136,59
224,80,64,145,136,80
224,80,80,145,136,98
224,80,96,145,136,113
224,80,112,133,137,133
224,80,128,133,138,157
224,80,144,133,138,168
224,80,160,124,145,184
224,80,176,124,145,213
224,80,192,109,141,228
224,80,208,120,156,236
224,80,224,120,156,243
224,80,240,128,163,255
224,96,0,150,133,21
224,96,16,150,133,38
224,96,32,149,134,51
224,96,48,149,134,59
224,96,64,145,134,80
224,96,80,145,134,98
224,96,96,145,135,112
224,96,112,133,135,133
224,96,128,133,136,157
224,96,144,133,136,168
224,96,160,124,138,188
224,96,176,124,138,211
224,96,192,109,140,228
224,96,208,120,144,237
224,96,224,120,144,243
224,96,240,129,166,255
224,112,0,168,140,21
224,112,16,168,141,33
224,112,32,167,142,46
224,112,48,167,141,58
224,112,64,166,142,73
224,112,80,163,143,92
224,112,96,163,142,110
224,112,112,159,143,127
224,112,128,159,143,142
224,112,144,154,145,164
224,112,160,147,145,181
224,112,176,147,145,196
224,112,192,135,148,221
224,112,208,127,150,236
224,112,224,127,150,243
224,112,240,151,170,246
224,128,0,177,158,14
224,128,16,168,156,33
224,128,32,167,156,46
224,128,48,177,159,53
224,128,64,175,159,72
224,128,80,174,159,89
224,128,96,174,159,101
224,128,112,159,158,127
224,128,128,168,160,142
224,128,144,168,160,153
224,128,160,154,163,172
224,128,176,154,163,200
224,128,192,156,163,209
224,128,208,156,173,219
224,128,224,156,173,231
224,128,240,144,169,252
224,144,0,177,161,14
224,144,16,177,161,30
224,144,32,177,161,45
224,144,48,177,161,53
224,144,64,175,161,72
224,144,80,174,162,89
224,144,96,174,162,101
224,144,112,168,163,121
224,144,128,168,163,142
224,144,144,168,163,154
224,144,160,154,164,172
224,144,176,154,164,199
224,144,192,156,166,209
224,144,208,156,170,219
224,144,224,156,170,231
224,144,240,144,174,252
224,160,0,203,168,14
224,160,16,203,168,26
224,160,32,203,170,39
224,160,48,203,170,52
224,160,64,201,170,67
224,160,80,200,171,83
224,160,96,200,171,100
224,160,112,197,171,116
224,160,128,195,171,133
224,160,144,195,172,150
224,160,160,190,172,167
224,160,176,190,172,183
224,160,192,186,174,202
224,160,208,177,174,218
224,160,224,177,174,231
224,160,240,179,182,242
224,176,0,203,184,14
224,176,16,203,185,26
224,176,32,203,185,39
224,176,48,203,185,52
224,176,64,201,185,67
224,176,80,200,186,83
224,176,96,200,186,100
224,176,112,197,187,116
224,176,128,195,186,133
224,176,144,195,186,150
224,176,160,190,188,167
224,176,176,190,188,183
224,176,192,186,189,201
224,176,208,177,189,218
224,176,224,177,189,231
224,176,240,181,195,242
224,192,0,213,193,0
224,192,16,212,194,18
224,192,32,213,194,39
224,192,48,213,194,47
224,192,64,211,194,65
224,192,80,211,195,82
224,192,96,211,195,95
224,192,112,207,195,113
224,192,128,208,196,132
224,192,144,208,196,144
224,192,160,200,197,161
224,192,176,200,197,184
224,192,192,200,198,195
224,192,208,192,200,207
224,192,224,192,200,223
224,192,240,189,201,246
224,208,0,234,201,0
224,208,16,234,201,37
224,208,32,234,201,73
224,208,48,234,201,53
224,208,64,234,201,71
224,208,80,233,202,107
224,208,96,233,202,102
224,208,112,233,202,112
224,208,128,231,204,143
224,208,144,231,204,148
224,208,160,231,204,158
224,208,176,231,204,173
224,208,192,226,206,193
224,208,208,226,207,207
224,208,224,226,207,221
224,208,240,219,209,239
224,224,0,234,211,0
224,224,16,234,212,37
224,224,32,234,211,73
224,224,48,234,211,53
224,224,64,234,212,71
224,224,80,233,212,107
224,224,96,233,212,102
224,224,112,233,214,112
224,224,128,231,214,143
224,224,144,231,214,148
224,224,160,231,217,158
224,224,176,231,217,173
224,224,192,226,216,193
224,224,208,226,221,207
224,224,224,226,221,221
224,224,240,219,220,239
224,240,0,247,224,85
224,240,16,248,225,75
224,240,32,247,225,63
224,240,48,248,225,87
224,240,64,247,225,95
224,240,80,247,226,88
224,240,96,247,226,108
224,240,112,245,227,123
224,240,128,246,228,128
224,240,144,246,228,143
224,240,160,242,229,159
224,240,176,242,229,178
224,240,192,245,233,188
224,240,208,236,233,202
224,240,224,236,233,220
224,240,240,238,236,237
240,0,0,141,135,38
240,0,16,140,135,51
240,0,32,139,135,61
240,0,48,139,135,74
240,0,64,133,135,95
240,0,80,130,136,117
240,0,96,130,136,139
240,0,112,112,136,160
240,0,128,112,136,179
240,0,144,107,137,205
240,0,160,105,137,222
240,0,176,105,137,231
240,0,192,102,160,247
240,0,208,128,160,255
240,0,224,128,160,255
240,0,240,133,177,255
240,16,0,143,128,38
240,16,16,142,128,48
240,16,32,141,128,59
240,16,48,141,128,74
240,16,64,137,129,93
240,16,80,132,129,113
240,16,96,132,129,136
240,16,112,120,130,154
240,16,128,111,130,179
240,16,144,111,130,199
240,16,160,97,136,222
240,16,176,97,136,235
240,16,192,111,147,241
240,16,208,127,163,255
240,16,224,127,163,255
240,16,240,126,164,255
240,32,0,144,128,35
240,32,16,143,127,48
240,32,32,143,127,58
240,32,48,143,127,71
240,32,64,137,128,93
240,32,80,135,128,112
240,32,96,135,128,130
240,32,112,117,129,154
240,32,128,117,129,175
240,32,144,116,130,197
240,32,160,113,143,211
240,32,176,113,143,229
240,32,192,100,140,247
240,32,208,125,162,255
240,32,224,125,162,255
240,32,240,133,165,255
240,48,0,144,138,35
240,48,16,143,136,48
240,48,32,143,137,58
240,48,48,143,137,71
240,48,64,137,137,89
240,48,80,135,138,109
240,48,96,135,138,132
240,48,112,117,138,155
240,48,128,116,140,177
240,48,144,116,140,197
240,48,160,113,142,213
240,48,176,113,142,229
240,48,192,100,154,245
240,48,208,125,158,255
240,48,224,125,158,255
240,48,240,133,175,255
240,64,0,152,137,35
240,64,16,152,138,43
240,64,32,151,137,54
240,64,48,151,137,71
240,64,64,148,138,85
240,64,80,144,138,106
240,64,96,144,138,128
240,64,112,138,139,145
240,64,128,127,140,164
240,64,144,127,140,190
240,64,160,116,141,210
240,64,176,116,141,219
240,64,192,121,152,235
240,64,208,124,160,255
240,64,224,124,160,255
240,64,240,135,168,249
240,80,0,158,137,30
240,80,16,158,136,43
240,80,32,157,136,51
240,80,48,157,137,64
240,80,64,153,138,84
240,80,80,153,137,101
240,80,96,153,137,117
240,80,112,141,139,137
240,80,128,141,139,160
240,80,144,141,139,177
240,80,160,128,148,196
240,80,176,128,148,218
240,80,192,116,141,235
240,80,208,132,164,247
240,80,224,132,164,250
240,80,240,127,159,255
240,96,0,158,150,30
240,96,16,158,150,43
240,96,32,157,150,51
240,96,48,157,150,64
240,96,64,153,149,84
240,96,80,153,149,101
240,96,96,153,150,118
240,96,112,141,151,140
240,96,128,141,151,161
240,96,144,141,152,176
240,96,160,128,154,193
240,96,176,128,154,215
240,96,192,116,155,236
240,96,208,132,161,247
240,96,224,132,161,249
240,96,240,127,173,255
240,112,0,175,156,30
240,112,16,175,156,38
240,112,32,173,156,47
240,112,48,173,156,63
240,112,64,172,156,76
240,112,80,170,157,94
240,112,96,170,157,116
240,112,112,166,157,131
240,112,128,166,157,142
240,112,144,160,158,171
240,112,160,154,159,189
240,112,176,154,159,199
240,112,192,142,161,226
240,112,208,136,163,247
240,112,224,136,163,250
240,112,240,154,176,243
240,128,0,185,157,23
240,128,16,175,158,38
240,128,32,184,156,44
240,128,48,184,156,56
240,128,64,172,159,76
240,128,80,181,157,90
240,128,96,181,157,106
240,128,112,166,160,131
240,128,128,175,158,143
240,128,144,175,158,158
240,128,160,163,161,177
240,128,176,163,161,197
240,128,192,162,160,212
240,128,208,165,176,227
240,128,224,165,176,235
240,128,240,149,165,249
240,144,0,185,171,23
240,144,16,184,171,35
240,144,32,184,171,44
240,144,48,184,171,56
240,144,64,182,172,73
240,144,80,181,173,90
240,144,96,181,173,106
240,144,112,176,173,124
240,144,128,175,173,143
240,144,144,175,174,159
240,144,160,163,175,176
240,144,176,163,175,198
240,144,192,162,176,213
240,144,208,165,181,227
240,144,224,165,181,237
240,144,240,149,180,249
240,160,0,206,182,23
240,160,16,206,182,31
240,160,32,205,183,36
240,160,48,205,182,55
240,160,64,205,183,69
240,160,80,203,182,85
240,160,96,203,182,105
240,160,112,202,183,120
240,160,128,198,184,135
240,160,144,198,185,156
240,160,160,194,185,173
240,160,176,194,185,184
240,160,192,188,186,207
240,160,208,183,187,227
240,160,224,183,187,237
240,160,240,181,191,240
240,176,0,206,188,23
240,176,16,206,187,31
240,176,32,205,188,36
240,176,48,205,188,55
240,176,64,205,189,69
240,176,80,203,188,85
240,176,96,203,188,105
240,176,112,202,189,120
240,176,128,198,190,135
240,176,144,198,190,156
240,176,160,194,192,173
240,176,176,194,191,184
240,176,192,188,192,207
240,176,208,183,194,227
240,176,224,183,194,236
240,176,240,181,195,240
240,192,0,220,200,15
240,192,16,220,200,27
240,192,32,220,200,38
240,192,48,220,200,51
240,192,64,219,201,67
240,192,80,218,200,83
240,192,96,218,200,99
240,192,112,214,201,116
240,192,128,214,202,132
240,192,144,214,202,148
240,192,160,208,203,165
240,192,176,208,203,183
240,192,192,207,204,198
240,192,208,201,207,214
240,192,224,201,207,228
240,192,240,193,204,243
240,208,0,242,212,15
240,208,16,242,212,39
240,208,32,242,213,65
240,208,48,242,213,55
240,208,64,242,214,69
240,208,80,239,213,99
240,208,96,239,213,103
240,208,112,239,214,114
240,208,128,237,215,136
240,208,144,237,215,150
240,208,160,237,216,162
240,208,176,237,216,175
240,208,192,232,217,196
240,208,208,230,218,213
240,208,224,230,218,225
240,208,240,221,217,238
240,224,0,242,218,15
240,224,16,242,219,39
240,224,32,242,219,65
240,224,48,242,219,55
240,224,64,242,220,69
240,224,80,239,219,99
240,224,96,239,219,103
240,224,112,239,221,114
240,224,128,237,221,136
240,224,144,237,221,150
240,224,160,237,225,162
240,224,176,237,225,175
240,224,192,232,223,196
240,224,208,230,227,213
240,224,224,230,227,225
240,224,240,221,225,238
240,240,0,245,222,113
240,240,16,245,222,93
240,240,32,245,223,73
240,240,48,245,223,110
240,240,64,244,223,113
240,240,80,245,223,97
240,240,96,245,223,124
240,240,112,243,224,137
240,240,128,244,226,132
240,240,144,244,226,151
240,240,160,241,227,168
240,240,176,241,227,180
240,240,192,243,230,188
240,240,208,238,231,204
240,240,224,238,231,222
240,240,240,241,236,236
